term,log_odds,tfd
hi,2.6473795351056033,0.0024366471734892786
im,-1.6061003677555001,0.0025584795321637425
ola,7.817991435081679,0.0028630604288499024
coding,0.4001768763202766,0.0010355750487329434
girl,3.6470726957218957,0.002071150097465887
musik,8.805378088639564,6.0916179337231965e-05
film,1.4327573582678153,0.00012183235867446393
matrix,-0.9295132817210854,6.0916179337231965e-05
tron,4.798044903407093,6.0916179337231965e-05
legacy,1.8807656925910043,6.0916179337231965e-05
mr,1.4108849814205264,6.0916179337231965e-05
robot,0.667105450109379,6.0916179337231965e-05
hacker,1.5561630315251753,6.0916179337231965e-05
programmer,1.4659331619132492,0.0006091617933723197
administrator,1.1105300162549543,6.0916179337231965e-05
black,-0.9710144560927312,6.0916179337231965e-05
window,-1.0511052040502389,0.00024366471734892786
write,0.5458415443336653,0.003289473684210526
text,1.3940914535798912,0.007614522417153996
fast,-0.5674382119098669,0.00012183235867446393
computer,1.2314715946168597,0.0026803118908382065
magic,1.6987089011975411,0.0003654970760233918
today,1.1406393134036787,0.002010233918128655
show,-0.5131288583249063,0.0013401559454191032
something,0.5214571573680756,0.0061525341130604285
allows,0.9299851848321504,0.0007309941520467836
feel,0.19627762995052142,0.0005482456140350877
al,2.139184946495655,0.00012183235867446393
little,-0.06701441304883442,0.0023148148148148147
bit,0.1763152821211797,0.0027412280701754384
hope,1.2280944762750636,0.001705653021442495
command,0.6602951247923812,0.002071150097465887
line,0.8858496640082416,0.005177875243664717
new,-0.7106250963651639,0.0014619883040935672
best,0.10178343926230464,0.0004873294346978557
friend,1.3633390091758406,0.0009137426900584795
open,1.1878570015982708,0.005056042884990253
smartphone,2.56900849843586,6.0916179337231965e-05
tablet,1.3385786136209623,6.0916179337231965e-05
everything,0.021707988353569276,0.0014010721247563352
shiny,2.816416671749701,6.0916179337231965e-05
beautiful,-0.030975077952646365,0.0001827485380116959
allways,7.706765799971454,6.0916179337231965e-05
way,-0.3200540224008291,0.0026193957115009745
youve,-1.2518000378913654,0.00012183235867446393
every,0.8571967521187591,0.0029239766081871343
seen,-0.29511021425643386,0.00024366471734892786
older,1.432003778729516,0.0001827485380116959
whole,0.4567388073613291,0.0010355750487329434
interface,-0.7955573787780543,0.00012183235867446393
textbased,2.894581444599037,6.0916179337231965e-05
technologic,6.859467939584251,6.0916179337231965e-05
much,0.3709706108120074,0.0028021442495126704
advanced,-0.0071974518546419715,0.00012183235867446393
amazing,0.9368821458777297,0.0005482456140350877
stuff,-1.0713033694760568,0.00042641325536062376
use,0.4964245783023891,0.010294834307992202
mouse,-1.3703098104976361,6.0916179337231965e-05
touchpads,8.805378088639564,6.0916179337231965e-05
touch,-0.4650220397642811,6.0916179337231965e-05
screen,-1.6286074543743523,0.0001827485380116959
intuitive,1.9478640260941742,0.00012183235867446393
time,0.44603566287834906,0.007188109161793372
using,0.4335317693829841,0.004751461988304093
powerful,0.25587260775608056,0.00012183235867446393
easier,0.6433082504706403,0.0006700779727095516
start,0.356451935453073,0.003837719298245614
larn,7.706765799971454,6.0916179337231965e-05
want,0.0075718693430839945,0.01084307992202729
think,-0.4089995770329921,0.0023148148148148147
first,0.3167113808145292,0.006335282651072124
bunch,-1.7792093665458326,6.0916179337231965e-05
electronics,3.111645949836865,6.0916179337231965e-05
end,-0.036002099891897364,0.0015229044834307991
running,-0.2902068965643838,0.0005482456140350877
program,1.895911630881119,0.007919103313840156
displaying,1.4565760804993533,0.00024366471734892786
compilcated,8.805378088639564,6.0916179337231965e-05
u,0.3510482410576295,0.003533138401559454
onion,3.615760139014869,0.00012183235867446393
layer,0.3881913504350479,0.0005482456140350877
lowest,1.641586215041192,0.00012183235867446393
core,-0.6495541658566976,6.0916179337231965e-05
hardware,1.7606315003627768,0.00030458089668615983
second,-0.4546400843279302,0.0010964912280701754
operating,1.4944361573283385,0.0008528265107212475
system,-0.11278737457320713,0.0008528265107212475
winwows,8.805378088639564,6.0916179337231965e-05
linux,0.20056656161321051,0.0001827485380116959
iosx,8.805378088639564,6.0916179337231965e-05
android,0.22498477133723568,0.00012183235867446393
chrome,-0.1826933494330694,6.0916179337231965e-05
o,1.2635020968245603,0.00030458089668615983
communicate,2.2011632980436664,0.00042641325536062376
give,-0.5781050511850272,0.001583820662768031
order,0.26482589323602557,0.001583820662768031
example,0.9173861234831039,0.0062743664717348924
save,1.016610523115368,0.00371588693957115
file,1.345052712527055,0.014315302144249512
disk,0.31268252882372716,6.0916179337231965e-05
third,0.056231040113654505,0.0003654970760233918
application,-0.0688459833624408,0.0010355750487329434
photoshop,1.7466199361208998,6.0916179337231965e-05
finder,3.127483384935491,0.00024366471734892786
internet,1.174278298004666,0.0005482456140350877
browser,-0.648614095282179,0.00024366471734892786
specialist,2.9793779812591143,6.0916179337231965e-05
fourth,1.0585011405544007,0.00024366471734892786
user,0.442882238070404,0.003898635477582846
also,-0.3534007607594235,0.003472222222222222
big,0.10760294790752806,0.0006091617933723197
corporation,2.374047006706086,6.0916179337231965e-05
bos,2.5666629148741396,0.00042641325536062376
giving,0.01922703376982546,0.00024366471734892786
work,-0.17182250725898826,0.0027412280701754384
imagine,0.5007257652559655,0.00030458089668615983
mor,6.097327887537355,6.0916179337231965e-05
cotrol,8.805378088639564,6.0916179337231965e-05
applicatios,8.805378088639564,6.0916179337231965e-05
make,0.16211343571006528,0.006761695906432748
need,0.1652061704556479,0.00834551656920078
special,1.824739840004678,0.0012792397660818713
skill,-1.1558593694374677,6.0916179337231965e-05
ist,5.705285799761331,0.00012183235867446393
perfect,0.23044786293769223,0.00030458089668615983
macht,8.805378088639564,6.0916179337231965e-05
differnt,8.805378088639564,6.0916179337231965e-05
call,-0.05272091031059617,0.0023148148148148147
slightly,0.8330270218001331,0.00024366471734892786
different,0.33020870058312973,0.003472222222222222
pretty,-0.4665860002118157,0.0008528265107212475
thing,0.2739405941645058,0.008467348927875243
might,-0.27034898698394577,0.0011574074074074073
calles,8.805378088639564,6.0916179337231965e-05
prompt,0.5476859917493253,0.00030458089668615983
console,2.035038307088964,0.003776803118908382
terminal,-0.550212244540324,0.0001827485380116959
shell,-0.03722639203846102,6.0916179337231965e-05
bash,0.661860682842084,6.0916179337231965e-05
many,0.6374957186469241,0.002071150097465887
name,1.158002930169645,0.012244152046783625
fact,0.35745932094743177,0.0004873294346978557
mac,0.201980989006021,0.0001827485380116959
go,-0.7932130045770802,0.005056042884990253
utility,0.30859170700098965,6.0916179337231965e-05
choose,-0.5319179364310344,0.00024366471734892786
dont,-0.14841758292179827,0.0044468810916179335
afraid,2.0899947023048835,0.0001827485380116959
search,-1.206073017281587,0.0001827485380116959
instruction,0.3628776557158695,0.0001827485380116959
check,0.8719073162440167,0.004690545808966861
awesome,-0.028598540209507403,0.0005482456140350877
django,0.27795737706789103,0.00012183235867446393
tutorial,-0.4027398154835194,0.00042641325536062376
ill,-1.9060619176422904,0.00042641325536062376
put,-0.7187557005832421,0.0012792397660818713
link,0.3208388109150353,0.0014619883040935672
description,0.7969269787859397,0.0010355750487329434
easily,0.14500850088127504,0.00024366471734892786
acces,6.240428731178028,6.0916179337231965e-05
correct,2.108565454638052,0.003533138401559454
chapter,0.08165865173255489,6.0916179337231965e-05
ok,1.9403941667189575,0.002071150097465887
opend,7.195940176205464,6.0916179337231965e-05
see,-0.6245010564678737,0.005665204678362573
dollar,-0.5509828604042413,0.00012183235867446393
sign,1.2388452706056838,0.001888401559454191
indicates,1.0695077686869976,6.0916179337231965e-05
waiting,1.1755518305192079,0.0003654970760233918
messenger,2.991247556814498,6.0916179337231965e-05
take,-0.002610893999436525,0.003167641325536062
sure,0.8698457479119408,0.0043250487329434695
whenever,-0.9166132806738249,0.0001827485380116959
meansthe,8.805378088639564,6.0916179337231965e-05
job,-1.4375843309648821,0.00012183235867446393
done,-0.4112562279507496,0.0008528265107212475
let,0.1208132188447851,0.018944931773879143
know,-0.12312487760060044,0.005787037037037037
typewhoami,8.805378088639564,6.0916179337231965e-05
return,-0.2577714736674999,0.0012183235867446393
nice,0.5957260196156466,0.001705653021442495
beeing,8.805378088639564,6.0916179337231965e-05
whats,0.04857655645084418,0.0010964912280701754
company,-0.7534336699246624,0.00012183235867446393
visit,1.8616766828839582,0.00042641325536062376
playes,8.805378088639564,6.0916179337231965e-05
probably,-0.5598269938975338,0.0006091617933723197
already,0.7059991388476443,0.0029239766081871343
directory,1.104390769981256,0.0015229044834307991
folder,0.26998928385304943,0.0010964912280701754
sometimes,-0.34913239837594806,0.00024366471734892786
physical,0.35027308953674874,6.0916179337231965e-05
place,0.6025168155464689,0.0014010721247563352
piece,0.480174087990873,0.0005482456140350877
paper,0.48932236827492187,0.0001827485380116959
certain,1.2725926384165345,0.0012792397660818713
building,1.3204266175625425,0.001583820662768031
room,-0.03433329006391145,0.00024366471734892786
cupboard,4.955230486929506,6.0916179337231965e-05
shelf,3.200311586922521,0.00012183235867446393
would,0.210893304045245,0.004934210526315789
happening,-1.3530229632995756,6.0916179337231965e-05
normally,0.15243097624570717,0.00012183235867446393
one,-0.1194615834621647,0.01084307992202729
specialised,8.805378088639564,6.0916179337231965e-05
explorer,0.6497288182735631,6.0916179337231965e-05
type,1.3014382633712267,0.01114766081871345
pwd,2.9668150019584085,0.0001827485380116959
shortcut,1.3702619227061312,0.00030458089668615983
print,1.2907650166586506,0.005482456140350877
working,-1.2628837328187001,0.0003654970760233918
click,-0.37715080269576695,0.001583820662768031
enter,0.6222897256021893,0.0014010721247563352
displayed,1.5651381045199126,0.0006091617933723197
complete,-0.6256869114135182,0.00012183235867446393
information,0.10364167223176524,0.0008528265107212475
case,-0.5144311773072794,0.0012183235867446393
ethlinn,9.316203712405555,0.00012183235867446393
inventory,0.9339142834541192,0.00012183235867446393
l,0.9659895096580294,0.0006700779727095516
list,1.0269971765717085,0.00651803118908382
desktop,2.363909718111344,0.001644736842105263
documtents,8.805378088639564,6.0916179337231965e-05
inspection,3.492172109597777,6.0916179337231965e-05
walking,0.7229758347133202,6.0916179337231965e-05
trough,5.3843780796812295,0.00012183235867446393
corridor,3.1670234193058184,6.0916179337231965e-05
door,-0.14346764063848505,6.0916179337231965e-05
say,-1.0335429011287163,0.0029239766081871343
cd,1.644376914526774,0.00042641325536062376
stand,-0.6486140952821787,6.0916179337231965e-05
change,-0.3419318781516318,0.002010233918128655
weve,-1.0802000433529957,0.00042641325536062376
alrerady,8.805378088639564,6.0916179337231965e-05
learnt,2.8264923237384423,6.0916179337231965e-05
usersethlinndesktop,8.805378088639564,6.0916179337231965e-05
backwards,0.5982489205682383,6.0916179337231965e-05
two,-0.25755914156849635,0.00341130604288499
dot,0.1669210917471342,0.003594054580896686
instead,0.7507025424236394,0.0024366471734892786
went,-1.2075466585949388,6.0916179337231965e-05
back,-0.42373289527234953,0.002132066276803119
lazy,2.274986487654717,0.00024366471734892786
guess,-1.4994661439601848,0.00012183235867446393
trying,-0.9171270101038387,0.00024366471734892786
good,-0.5610963607834282,0.0012183235867446393
guessing,1.15140890816079,6.0916179337231965e-05
complicated,1.7072338817857138,0.0007309941520467836
could,0.4448910133113712,0.004873294346978557
typing,1.7552555683705053,0.0009746588693957114
tabkey,8.805378088639564,6.0916179337231965e-05
try,0.8861230327324854,0.005116959064327485
there,-2.572664867277649,0.0001827485380116959
possible,1.8026399561457815,0.0022538986354775827
match,-1.2232873126247923,6.0916179337231965e-05
tab,-1.3822728530367188,6.0916179337231965e-05
twice,0.8875295273877464,0.0001827485380116959
display,0.44544039200406405,0.0010355750487329434
option,-1.6164924586598035,0.00012183235867446393
create,-0.05475765091130512,0.00371588693957115
mkdir,2.997235598659121,6.0916179337231965e-05
practice,1.0224041035587366,0.0007309941520467836
empty,0.14392052022388663,0.0005482456140350877
yes,0.696564775465495,0.001705653021442495
still,0.2338415530877665,0.0015229044834307991
believe,-1.0833510929210184,6.0916179337231965e-05
ahead,-2.1540867729871547,0.00024366471734892786
seeits,8.805378088639564,6.0916179337231965e-05
inside,0.29088583878155777,0.003350389863547758
practise,7.706765799971454,0.00030458089668615983
writing,0.7803918261781537,0.0008528265107212475
scratch,-0.40953182705098834,0.00012183235867446393
arrow,-0.5340412787348534,0.00012183235867446393
edit,0.302818723995898,0.00030458089668615983
adding,-0.21598956562027677,0.00030458089668615983
number,0.9283961332844464,0.008650097465886939
delete,0.10532644754511689,0.0007919103313840156
completlyto,8.805378088639564,6.0916179337231965e-05
rm,2.448526656990828,0.0001827485380116959
remove,0.19083917299111078,0.0008528265107212475
location,-0.523697246718384,0.0001827485380116959
error,1.4410259586719933,0.005908869395711501
true,1.128666044283608,0.003167641325536062
tried,0.9262127785621925,0.00024366471734892786
move,-0.9523745874336885,0.0005482456140350877
r,0.3297154760634994,0.00042641325536062376
mean,0.06219121783720192,0.0028021442495126704
repository,-1.0597323947755595,6.0916179337231965e-05
kind,-0.9292418732973852,0.0012183235867446393
ask,0.8863069508876801,0.0010964912280701754
gone,0.1907211937606811,0.0001827485380116959
year,-2.0207201825155363,6.0916179337231965e-05
thats,-1.6486194821697233,0.0014010721247563352
showed,1.42709047404769,0.0003654970760233918
basic,0.3800243328408938,0.0009137426900584795
realy,7.195940176205464,6.0916179337231965e-05
encourage,0.7884663071136464,0.00012183235867446393
fun,0.4909454943075734,0.0005482456140350877
youre,-2.3488691284165055,0.00030458089668615983
super,0.619134480770555,0.0008528265107212475
bored,2.4168166830939346,6.0916179337231965e-05
ready,0.15146436454694048,0.0003654970760233918
wirting,8.805378088639564,6.0916179337231965e-05
python,2.597617578122989,0.01608187134502924
next,0.0652215726753009,0.0028630604288499024
video,0.574616922580355,0.005482456140350877
installing,0.698803260572292,0.00012183235867446393
telling,0.5715208720984278,0.00024366471734892786
programming,1.2826969445652776,0.0023148148148148147
language,1.788179799039409,0.003959551656920078
learn,1.4475994397625807,0.003898635477582846
subscribe,1.5529411197569611,0.0010964912280701754
channel,0.9903118100522353,0.0012792397660818713
stay,1.75491716604922,0.0012183235867446393
tuned,3.240857681316871,0.0011574074074074073
answer,2.622759384405181,0.008101851851851851
question,1.728025901831724,0.007370857699805068
understood,0.7003725510923182,6.0916179337231965e-05
understand,-0.1523424921619706,0.0005482456140350877
clearly,0.6282556005668285,0.00012183235867446393
smart,0.7406367965558279,0.00024366471734892786
format,1.6809407669661904,0.001766569200779727
tell,0.3071580400654479,0.0010355750487329434
real,0.34197755301555033,0.0006091617933723197
world,-0.15185212605199033,0.0004873294346978557
buy,0.5393972898937163,0.0001827485380116959
sweet,1.4565148097438654,0.0001827485380116959
please,0.8059130767884782,0.0009746588693957114
theyll,-0.22523735238992962,6.0916179337231965e-05
people,0.29789273574100755,0.002071150097465887
lot,-0.8193231901088986,0.0009137426900584795
knowledge,1.2208740572600993,0.0004873294346978557
get,-1.371520978155501,0.002010233918128655
shop,0.576667289845877,6.0916179337231965e-05
money,-1.0336242746701543,6.0916179337231965e-05
detail,-0.2495941961029214,0.00024366471734892786
human,0.33177858648594144,0.0001827485380116959
granted,1.8497854802432672,6.0916179337231965e-05
easy,0.5662407237350229,0.0009746588693957114
specify,0.10528658370858739,0.0003654970760233918
single,1.1720023120533636,0.0023757309941520467
seems,-0.8936036459667254,6.0916179337231965e-05
implement,0.4314712784370221,0.0004873294346978557
anything,-0.10160967986923512,0.0009137426900584795
build,-0.6162285189425748,0.0004873294346978557
website,-1.3583869371444097,0.00012183235867446393
game,-2.5630232125579826,0.00012183235867446393
scientific,1.8670936046226045,6.0916179337231965e-05
software,-0.2709573092023179,0.0001827485380116959
graphic,-0.3613238263067888,6.0916179337231965e-05
sky,0.9841360051160064,6.0916179337231965e-05
limit,-0.7794869685381458,6.0916179337231965e-05
old,0.5540793856051697,0.00042641325536062376
originated,4.410928933967126,6.0916179337231965e-05
late,0.667105450109379,6.0916179337231965e-05
guido,4.46157266678588,6.0916179337231965e-05
van,1.1382198333204168,6.0916179337231965e-05
rossum,4.955230486929506,6.0916179337231965e-05
started,-0.8933582321364246,0.00024366471734892786
implementing,0.4747554683066965,6.0916179337231965e-05
called,0.6857956964307422,0.0045077972709551654
monty,3.711627887832802,6.0916179337231965e-05
flying,1.1580692562833264,6.0916179337231965e-05
circus,5.250030027150151,6.0916179337231965e-05
series,-0.7123734509693945,0.00012183235867446393
confusing,0.8157046513387969,0.00024366471734892786
talk,0.37805362952288235,0.0012792397660818713
speaking,1.7620593920856318,0.00030458089668615983
english,2.3437363162434006,0.0007919103313840156
german,2.8438574179046543,0.00012183235867446393
spanish,1.8308991776145191,6.0916179337231965e-05
polish,4.6343227668494045,0.0010964912280701754
set,-1.5850918842220685,0.0007309941520467836
rule,0.14730105476920732,0.00030458089668615983
word,0.147601702962436,0.0008528265107212475
interpreter,3.4546038192446757,0.0010355750487329434
translate,1.0338291038840308,0.0001827485380116959
code,0.23987745502282368,0.005847953216374269
challenge,1.5100254746109933,0.001644736842105263
lucky,1.5342304779711706,0.00012183235867446393
enough,0.18819477635550436,0.00042641325536062376
really,-0.7931455842102554,0.001888401559454191
friendly,0.7562703673131588,6.0916179337231965e-05
install,-0.3240341838193771,0.00042641325536062376
able,-0.5091721372370487,0.0007919103313840156
distribution,-0.2731437087157705,6.0916179337231965e-05
high,1.223451841212019,0.0010964912280701754
chance,0.5206214954491292,0.0001827485380116959
installed,0.42694134527737204,0.00042641325536062376
version,0.5339129649574424,0.0012792397660818713
interested,1.2302617741592112,0.0006700779727095516
recent,0.938042729684875,0.00012183235867446393
follow,0.47782256336281664,0.0004873294346978557
address,0.12668200095392382,0.0008528265107212475
pythonorgdownloadsrelaesepython,8.805378088639564,6.0916179337231965e-05
download,-0.35082283723597024,0.00024366471734892786
installer,1.7959691559309274,0.00012183235867446393
double,0.35190288552484095,0.0006700779727095516
downloaded,0.12691674962720464,6.0916179337231965e-05
installation,0.0007528560267552029,6.0916179337231965e-05
previous,1.2935569435404197,0.001766569200779727
success,0.8129967629640574,0.00024366471734892786
useful,0.9125186163287322,0.0009746588693957114
editor,1.256722436255361,0.0010964912280701754
tool,-0.5056356777373372,0.0003654970760233918
load,-0.2569789101534736,0.00030458089668615983
programers,7.195940176205464,6.0916179337231965e-05
battle,1.0978658940392239,6.0916179337231965e-05
better,0.036835986778316746,0.0008528265107212475
personally,0.08035805002101044,6.0916179337231965e-05
whatever,-0.9071789561969668,0.00042641325536062376
suit,1.4941597042199362,6.0916179337231965e-05
available,-0.3937328013850698,0.00024366471734892786
decided,1.6145861257192373,0.0003654970760233918
atom,1.05821312211923,6.0916179337231965e-05
atomio,6.240428731178028,6.0916179337231965e-05
tempted,2.56900849843586,6.0916179337231965e-05
texteditor,9.316203712405555,0.00012183235867446393
plain,0.9216302345372281,0.00012183235867446393
produce,0.4235465351540035,6.0916179337231965e-05
richtext,8.805378088639564,6.0916179337231965e-05
apart,0.6336655884024798,0.00012183235867446393
font,-1.6074840353952395,6.0916179337231965e-05
used,-0.1117741713405587,0.0009746588693957114
forth,1.1116064426236922,0.00030458089668615983
incredibly,1.020072906099703,6.0916179337231965e-05
highlighting,1.371120706506429,6.0916179337231965e-05
structure,1.214193426013152,0.0012183235867446393
keywords,1.6010163921848144,0.0001827485380116959
highlight,0.013436100183445356,6.0916179337231965e-05
look,-0.3032861036683381,0.003289473684210526
feature,-1.7221476948041767,6.0916179337231965e-05
finally,1.5720450540593993,0.001766569200779727
miss,1.5357077728637734,0.0003654970760233918
episode,2.369436772220307,0.0006700779727095516
day,0.5122740173981188,0.0012183235867446393
hello,0.6440163431859236,0.0012792397660818713
everyone,1.4737869414931886,0.0010964912280701754
havent,0.572066201753087,0.0007309941520467836
yet,0.830029531673631,0.0010355750487329434
explain,-0.6380244818337573,0.00012183235867446393
speak,1.42212294876675,0.00030458089668615983
obviously,0.42364610104679346,0.0006700779727095516
effectively,0.9270711910568352,0.00012183235867446393
person,1.8740458017009585,0.003167641325536062
understands,2.3857089464539287,0.00012183235867446393
closer,1.4374973547772925,0.00030458089668615983
discover,1.9541931611458214,0.00012183235867446393
theyre,-2.4311744471018333,6.0916179337231965e-05
grammar,2.4054529244436194,0.00012183235867446393
function,0.7856537443971388,0.010477582846003898
noun,1.9626948064011422,6.0916179337231965e-05
verb,1.7762905244899023,6.0916179337231965e-05
adjective,2.565102243468795,6.0916179337231965e-05
contextual,3.492172109597777,6.0916179337231965e-05
depending,1.2951039288837094,0.0006091617933723197
context,-0.7083946658796313,0.00012183235867446393
conversation,0.18797763680630133,6.0916179337231965e-05
else,0.373321668747872,0.0013401559454191032
math,-0.5288599199928559,0.00012183235867446393
teacher,0.09839132559067126,0.00012183235867446393
find,-0.2028743447434543,0.0011574074074074073
variable,1.0233945533162132,0.007370857699805068
point,-0.7878716875861427,0.0009137426900584795
titan,4.571271584042305,0.00012183235867446393
free,1.2424332596784955,0.002010233918128655
greater,0.9892091746566233,0.0011574074074074073
longer,1.3174577078128238,0.0007919103313840156
comment,-0.4552135644285987,0.0004873294346978557
written,-0.28264936035811145,0.0001827485380116959
learned,1.6780772125865147,0.0014010721247563352
ala,3.5426878997346787,6.0916179337231965e-05
city,0.1674196461284782,0.00012183235867446393
fail,1.1869866004776461,0.0001827485380116959
ha,2.0334425327999623,6.0916179337231965e-05
invite,1.936571559796002,0.00012183235867446393
nothing,0.06606081275731987,0.0005482456140350877
sigma,1.778063574599788,6.0916179337231965e-05
calculator,0.30614522260031973,6.0916179337231965e-05
struck,2.7770995684088664,6.0916179337231965e-05
item,-0.3431785848778919,0.0008528265107212475
plus,-0.6716149981052123,0.0006700779727095516
hit,-1.3370344966302923,0.00024366471734892786
result,0.9188227880568559,0.002071150097465887
appears,0.47090653403862126,6.0916179337231965e-05
immediately,1.0275092950373872,0.00030458089668615983
nose,1.7346539813792876,6.0916179337231965e-05
map,-1.2130350877039675,0.00012183235867446393
multiply,1.3393957406479613,0.0006091617933723197
divide,-0.0071974518546419715,0.00012183235867446393
subtract,0.014956781741696512,6.0916179337231965e-05
multiple,0.4871001451382044,0.0009137426900584795
minus,-0.4496105483387152,0.00042641325536062376
scenario,2.626451709844229,0.001705653021442495
integer,0.7475843782836386,0.0010355750487329434
socalled,2.700138527272738,0.00012183235867446393
builtin,1.4486562231313445,0.0003654970760233918
main,-1.4207362936957237,0.0001827485380116959
needed,1.1504053118567663,0.0004873294346978557
deal,0.8942740352158308,0.00042641325536062376
represent,1.1094382137627303,0.00042641325536062376
data,-0.27194203824942104,0.0028630604288499024
achieve,0.770423064137405,0.00012183235867446393
expecting,0.4566035488482902,6.0916179337231965e-05
representation,0.7688693640773308,0.00012183235867446393
peyten,7.195940176205464,0.00024366471734892786
named,1.8112884910884233,0.0012183235867446393
come,-0.6230012153187064,0.0009137426900584795
tire,3.3716560850853248,6.0916179337231965e-05
string,0.259768494844906,0.0022538986354775827
wrap,0.5897077676818798,0.00030458089668615983
quote,1.6148491050217366,0.0012183235867446393
chord,1.9755843511271391,6.0916179337231965e-05
worked,1.1214340779715355,0.0006700779727095516
recognized,1.9886422080445958,6.0916179337231965e-05
pot,1.6609709083184252,6.0916179337231965e-05
face,-0.8362900509705101,6.0916179337231965e-05
saying,-0.3868043028671175,0.0004873294346978557
interesting,0.18010492474766843,0.0005482456140350877
operator,-0.3706813493597443,0.00030458089668615983
even,-0.07841551945468386,0.0014010721247563352
repeated,2.097294004786495,0.0001827485380116959
three,-0.603327526080969,0.0011574074074074073
hola,6.442486389414528,0.0010964912280701754
fluent,3.4440859229301393,0.00012183235867446393
syntax,1.324689501460295,0.0011574074074074073
defined,1.0172869039494197,0.0009137426900584795
simply,-0.15881918968973013,0.0008528265107212475
throughout,-0.02823039405132649,6.0916179337231965e-05
perfectly,0.7042055192710078,0.00024366471734892786
harder,0.6164112249906892,6.0916179337231965e-05
contains,1.8600321527386807,0.0014619883040935672
problematic,3.2181294302393146,0.0001827485380116959
backslash,2.04914361729867,0.00042641325536062376
escaping,3.4163063588230633,6.0916179337231965e-05
fightin,9.041766866703794,0.0005482456140350877
hey,-0.07344930817220768,0.0005482456140350877
found,-0.49222719961101863,0.0001827485380116959
heightened,5.371390884154418,6.0916179337231965e-05
complaint,3.2500956223018074,0.00012183235867446393
escape,0.9655374718846313,0.00012183235867446393
problem,0.04644953538941503,0.0010355750487329434
nicely,1.737128655907994,0.00030458089668615983
escaped,3.098267823890689,6.0916179337231965e-05
superpower,3.767127627510335,0.00012183235867446393
method,0.8300086165812992,0.004690545808966861
object,-0.07302571515141541,0.002010233918128655
uppercase,1.0914658721937562,0.0001827485380116959
spell,0.7747082284663527,0.00012183235867446393
upper,1.2902150880451924,0.00024366471734892786
run,0.43044613473287474,0.0045077972709551654
opening,0.8993220757336963,0.00024366471734892786
closing,1.0173047382420897,0.00024366471734892786
parenthesis,2.0505581788911447,0.0024366471734892786
later,-0.456189037048849,0.0003654970760233918
worry,-0.11741353533007201,0.00024366471734892786
letter,0.7985820413712502,0.0006091617933723197
typed,1.2994358701375188,0.00030458089668615983
len,1.6775238885294428,0.00012183235867446393
close,0.844461925402679,0.001583820662768031
karateka,8.805378088639564,6.0916179337231965e-05
counted,2.326868446430995,6.0916179337231965e-05
play,-0.9443559274196666,0.00024366471734892786
cost,-0.3134389244668137,0.00012183235867446393
brings,1.1361629889153946,0.00012183235867446393
serve,1.2239643056813443,0.00012183235867446393
neighbor,0.18580883060646058,6.0916179337231965e-05
generate,1.0505021078190155,0.0007309941520467836
land,1.48132766973767,0.00024366471734892786
count,-0.27713924235188586,0.00030458089668615983
character,-0.7521624833128071,0.0003654970760233918
itll,-1.610723487521771,6.0916179337231965e-05
resulted,3.4072153871218114,6.0916179337231965e-05
important,0.5712309242493533,0.0014010721247563352
read,1.4478156959512731,0.0031067251461988302
assess,2.3454736342620297,6.0916179337231965e-05
length,-0.31526631431676183,0.00030458089668615983
ever,-0.6364072820901254,0.00012183235867446393
happened,0.3293541742613976,0.00024366471734892786
nine,-0.4468141473591788,0.00012183235867446393
worthwhile,2.9676476414736244,6.0916179337231965e-05
cheat,1.1466785303712652,6.0916179337231965e-05
sheet,-0.3921809489718851,6.0916179337231965e-05
notebook,0.09409947350913028,6.0916179337231965e-05
explanation,0.9279809022862776,0.00012183235867446393
unknown,1.2829778572524395,6.0916179337231965e-05
throw,-0.5885330595310049,6.0916179337231965e-05
concept,0.5383075547421997,0.0005482456140350877
remember,0.6601775287462095,0.001766569200779727
formula,1.3783592018103152,0.0005482456140350877
area,1.5308255850848602,0.001705653021442495
square,1.571883107969993,0.0021929824561403508
containing,2.636768402780368,0.0006700779727095516
thanks,-0.008308243507003942,0.00024366471734892786
matter,0.24401491347885268,0.00042641325536062376
meter,2.2557273464057537,0.0001827485380116959
calculate,0.7647379270472214,0.00042641325536062376
earlier,-0.9443170532165827,6.0916179337231965e-05
member,-0.7253777254050346,6.0916179337231965e-05
side,0.6949290047207972,0.001644736842105263
sense,0.02409361811715049,0.0004873294346978557
extremely,1.0379729784974179,0.00024366471734892786
science,1.3328406668435022,0.0009137426900584795
define,0.859128893420579,0.0014619883040935672
step,0.8999831812923705,0.002132066276803119
actual,-1.231214515650732,0.00012183235867446393
value,0.7539617620574582,0.00962475633528265
daser,8.805378088639564,6.0916179337231965e-05
far,1.0313732680620853,0.0012183235867446393
atwood,6.407482815841194,6.0916179337231965e-05
mary,3.679431948032314,0.00024366471734892786
release,-0.14994099312438586,6.0916179337231965e-05
allah,4.190257571798305,6.0916179337231965e-05
split,1.5343973671571387,0.0007309941520467836
replace,1.952327488962872,0.0015229044834307991
stored,1.2210003014297794,0.0007919103313840156
belief,2.767507168717427,6.0916179337231965e-05
barbara,5.141816442509918,6.0916179337231965e-05
sonia,7.556483596922116,0.0010964912280701754
created,0.2545472828150461,0.0012183235867446393
abstract,1.561215510209522,0.00030458089668615983
credible,4.694504224466253,6.0916179337231965e-05
quintessence,8.805378088639564,6.0916179337231965e-05
reused,2.6590488309706672,6.0916179337231965e-05
provide,1.3626446456090182,0.0021929824561403508
undefined,0.11810462685172614,6.0916179337231965e-05
provided,0.9945576124194915,0.0003654970760233918
properly,0.20535223893011462,0.00012183235867446393
without,0.8950750392894533,0.0010964912280701754
assigning,0.9325419136138403,0.00012183235867446393
equal,0.47308119438975055,0.005726120857699805
store,1.333800886994055,0.0030458089668615983
pi,0.9451467359427431,0.0007309941520467836
similarly,1.5934741180289886,0.0004873294346978557
usage,1.2825452845194047,0.00012183235867446393
macro,1.6027168921163268,6.0916179337231965e-05
millas,8.805378088639564,6.0916179337231965e-05
extract,1.3253258638033356,0.00024366471734892786
operate,1.9773155785666758,0.00012183235867446393
readability,1.9046474245943918,6.0916179337231965e-05
simple,-0.6526997336173768,0.0004873294346978557
calculating,0.8181933404060916,6.0916179337231965e-05
hard,-0.4244053688812252,0.00024366471734892786
struggle,1.741474127167496,6.0916179337231965e-05
effort,0.7467343764239467,6.0916179337231965e-05
meaningful,2.470915028409094,0.00024366471734892786
wait,0.8540850244657741,0.0012183235867446393
happens,0.3700179162256488,0.0009137426900584795
volume,0.992264345123769,0.00030458089668615983
reassign,1.676882142959528,6.0916179337231965e-05
redefine,2.841798745021118,6.0916179337231965e-05
assign,1.2410225007981852,0.0009137426900584795
liz,4.571271584042305,6.0916179337231965e-05
current,-0.15554905414963502,0.0005482456140350877
last,0.30283125604400035,0.001583820662768031
assigned,0.5840143553825231,0.0001827485380116959
marie,5.335187835490458,0.0001827485380116959
chris,0.9287396276641018,6.0916179337231965e-05
emptiness,4.410928933967126,6.0916179337231965e-05
notary,7.118979135069336,0.00012183235867446393
lottery,3.1485426501710028,0.0008528265107212475
summons,6.608153511303345,6.0916179337231965e-05
comma,0.6379945722533322,0.0007919103313840156
nonempty,4.600685469248599,6.0916179337231965e-05
power,-0.057624563905062993,0.00024366471734892786
given,0.8307009483690077,0.0009137426900584795
sorted,0.8662192706827676,0.00024366471734892786
highest,0.962235582092284,0.00012183235867446393
sort,-1.8914593816138021,0.00012183235867446393
motor,1.9996555352225789,6.0916179337231965e-05
reversed,2.264348089449661,0.00012183235867446393
handy,2.0145888714355618,0.0003654970760233918
river,2.0063222265807683,6.0916179337231965e-05
action,-0.21786317836609637,0.0003654970760233918
reverse,0.3110441913694096,0.00012183235867446393
add,-0.43460096440816476,0.0023757309941520467
another,-0.8520788349805237,0.0008528265107212475
append,-0.17843802386293114,6.0916179337231965e-05
added,-0.5804550211748225,0.00024366471734892786
arent,-0.29033675749531507,6.0916179337231965e-05
provides,1.2881043041279687,0.00030458089668615983
documentation,2.2329836640926763,0.0022538986354775827
page,-1.2222798997470075,0.0004873294346978557
ability,-0.3482861061430615,6.0916179337231965e-05
refer,0.0468085776480574,6.0916179337231965e-05
element,0.018186224641024075,0.001766569200779727
index,0.7467496225923942,0.0024975633528265106
position,-0.9296316389232594,0.0003654970760233918
sequence,0.673660229773239,0.00030458089668615983
rotary,3.4347400605119014,6.0916179337231965e-05
zero,-0.9579849558023975,0.0006700779727095516
sputter,8.805378088639564,6.0916179337231965e-05
natural,2.046819116019554,0.00042641325536062376
said,-1.1579023673821591,0.00024366471734892786
least,-0.6500238699517589,0.0001827485380116959
indexed,2.9844477006093646,0.0001827485380116959
del,2.7254448935439743,6.0916179337231965e-05
feyten,8.495223160335724,0.00030458089668615983
access,-0.0001372928900670626,0.0009137426900584795
course,-1.6470686716434577,0.00030458089668615983
contain,0.804937139658957,0.00030458089668615983
sonja,8.805378088639564,6.0916179337231965e-05
mix,1.267734968736673,0.00012183235867446393
la,1.7927223998320576,0.00012183235867446393
totally,0.23898665306455488,0.0001827485380116959
exhausted,2.2730437964172148,6.0916179337231965e-05
sum,-0.3598901985355972,0.0001827485380116959
tax,0.7913730938601065,6.0916179337231965e-05
informs,4.606673511093221,0.00012183235867446393
wrong,-0.6703439688289601,0.0001827485380116959
comfortable,0.9193718776605015,0.00012183235867446393
lovely,3.6525490288401334,0.0007309941520467836
olaf,6.407482815841194,6.0916179337231965e-05
shouting,3.856618198261396,6.0916179337231965e-05
talked,1.4134834511539425,0.0007919103313840156
fighting,3.215635663360912,0.00024366471734892786
dictionary,2.2886698870025772,0.0026803118908382065
accessing,1.3327149271402394,0.0001827485380116959
p,-1.193062437053047,0.0001827485380116959
sound,-0.632496182952121,0.0001827485380116959
phone,1.326351078993643,0.0008528265107212475
book,0.7664591557675913,0.0006700779727095516
key,0.2841898112940663,0.001949317738791423
compare,2.2295131065848497,0.001583820662768031
youll,-1.055168749200297,0.00030458089668615983
notice,-0.2775152008438869,0.00042641325536062376
knowing,1.625308214336768,0.00024366471734892786
exact,-0.24936055124204548,0.0001827485380116959
jump,-0.7477431500673928,0.00012183235867446393
exactly,-0.11080713172632206,0.0006700779727095516
marta,7.254780676228397,0.0001827485380116959
curly,1.0390901598793432,0.0006700779727095516
bracket,0.7890301875859305,0.0009746588693957114
four,-0.3210370483988571,0.0008528265107212475
stop,0.3802143774558227,0.0006700779727095516
participant,4.383863682458564,0.0007919103313840156
country,1.6105856819799287,0.0005482456140350877
favorite,1.1638701285986015,0.0004873294346978557
making,-0.7246119932022477,0.00030458089668615983
mistake,0.8505467598652476,0.0003654970760233918
become,-0.9826424940878503,6.0916179337231965e-05
nicer,2.1250254178920205,0.00042641325536062376
though,-0.7647424012287652,0.0001827485380116959
per,-0.8980108269999278,6.0916179337231965e-05
birth,2.2055075894267278,0.00012183235867446393
poland,5.023256707785362,0.00030458089668615983
separated,1.7745206125234438,0.00030458089668615983
colon,1.2514988769225182,0.0006700779727095516
follows,2.344847852013823,0.00042641325536062376
axis,-0.3140524079767757,6.0916179337231965e-05
similar,0.7960150120095193,0.0008528265107212475
neat,1.5409278659186922,0.00012183235867446393
age,0.0246604668478001,0.00030458089668615983
minute,-0.1045534138294807,0.0003654970760233918
ago,-0.15056023611963637,0.00012183235867446393
thought,-1.2185112897488592,6.0916179337231965e-05
arise,2.6171139655569746,6.0916179337231965e-05
cola,4.741492733902172,0.00012183235867446393
lace,5.111511093014589,0.00012183235867446393
happen,-0.6283458058554354,0.00024366471734892786
saved,1.3483120373171091,0.0004873294346978557
bring,-1.2812223741544202,6.0916179337231965e-05
lost,1.1848067005781575,0.00030458089668615983
definition,1.1923650485851944,0.0005482456140350877
choice,0.4026982840120876,0.00024366471734892786
storing,1.1150920679627965,0.00030458089668615983
however,0.6254619020280481,0.0007919103313840156
experiment,1.7187161679635419,0.00030458089668615983
intuition,1.9457631849853623,6.0916179337231965e-05
similarity,1.4587229254630256,6.0916179337231965e-05
mutable,1.4769407357444024,6.0916179337231965e-05
existing,0.28391403037268104,0.00012183235867446393
pair,-0.2986012673452086,0.00012183235867446393
moment,0.5836020717497999,0.0005482456140350877
uk,3.223135698517459,0.00024366471734892786
exciting,1.2866228223755258,0.00030458089668615983
love,-1.5034745670043947,6.0916179337231965e-05
fascinating,2.772291866840763,0.00012183235867446393
comparing,2.396849297580066,0.00042641325536062376
enjoyed,1.0980293394692449,0.00030458089668615983
message,1.266305441149718,0.003167641325536062
comparison,1.0392638998699877,0.0001827485380116959
mind,-0.5243972870753824,0.00012183235867446393
five,-1.4024642706355968,0.00024366471734892786
press,-1.8968096415885878,6.0916179337231965e-05
lower,1.8627246119413043,0.0010355750487329434
false,0.9163472276938593,0.0014619883040935672
getting,-1.7273921818047502,0.0001827485380116959
billion,1.7206727966653836,0.0001827485380116959
either,0.4676571837125554,0.0007919103313840156
studied,2.0018728310312266,6.0916179337231965e-05
connected,0.8111609626199355,0.0003654970760233918
logic,0.013077003997055029,0.00030458089668615983
ring,0.9587881133483779,6.0916179337231965e-05
bell,0.718045162166213,6.0916179337231965e-05
note,0.3268366294198345,0.0006091617933723197
always,-0.19067167024693096,0.0008528265107212475
capital,0.864410951925984,0.0003654970760233918
rest,0.10281244359611581,0.00024366471734892786
lowercase,0.7994391842808711,0.0001827485380116959
form,-2.0676944868284366,6.0916179337231965e-05
somewhere,0.5971587051427302,0.00042641325536062376
incorrect,2.084354074940082,0.00024366471734892786
wonder,1.1053416006985437,0.0001827485380116959
watch,0.4514653622904609,0.0004873294346978557
meaning,-0.12030420542957795,0.0001827485380116959
space,-0.19173440880978498,0.0007309941520467836
fighten,7.706765799971454,6.0916179337231965e-05
missing,0.8431524142192429,0.00030458089668615983
checking,0.8033532704234546,0.00042641325536062376
exclamation,1.647902243492765,0.00024366471734892786
mark,0.6769326278838066,0.0005482456140350877
v,-0.9469493079918131,0.00012183235867446393
naught,2.1071100345241516,6.0916179337231965e-05
followed,0.01574845098711192,0.00012183235867446393
six,-0.8562471619652823,0.0001827485380116959
following,0.36667880490701305,0.0003654970760233918
crater,4.386537480842966,6.0916179337231965e-05
boolean,0.9838151580770786,0.00042641325536062376
algebra,1.9034396949789922,0.00012183235867446393
familiar,-0.07704137962516293,0.00012183235867446393
operation,0.6153010389205149,0.0006091617933723197
obstructing,6.608153511303345,6.0916179337231965e-05
multiplying,1.3763321360436727,0.00012183235867446393
left,-1.2846380677356846,0.00030458089668615983
hand,-0.11067663702390348,0.00030458089668615983
sentence,1.0385375515540511,0.0001827485380116959
group,-1.1469853386784505,0.00012183235867446393
alice,3.299108906131238,0.0003654970760233918
speaks,4.233844237510854,0.0003654970760233918
bob,2.190549379707558,0.0003654970760233918
suspect,3.7310975293829522,0.0001827485380116959
moorea,7.706765799971454,6.0916179337231965e-05
variation,0.7524450518419967,6.0916179337231965e-05
compared,0.8072443259164211,0.00012183235867446393
ranga,8.805378088639564,6.0916179337231965e-05
general,0.6518512572211429,0.0003654970760233918
tongue,3.4726592953741955,6.0916179337231965e-05
exception,0.6306968748772404,0.0003654970760233918
float,1.3902029790262693,0.0007919103313840156
logical,0.0028555903551432476,6.0916179337231965e-05
absolutely,0.42282711066254225,0.0001827485380116959
random,-1.9411626139481795,6.0916179337231965e-05
rise,1.9066635543095765,6.0916179337231965e-05
congratulation,2.314654554137057,0.00024366471734892786
clear,-1.069740853096107,0.00012183235867446393
quite,0.41961564061433715,0.0007309941520467836
condition,0.795261999925745,0.0013401559454191032
met,2.6552243043741353,0.0005482456140350877
script,0.808257221897086,0.0014619883040935672
promised,3.638516348532206,0.00030458089668615983
gain,0.7347845486900465,6.0916179337231965e-05
control,-0.14502507119339636,0.00042641325536062376
often,0.01661042993506061,0.0001827485380116959
criterion,1.1890945270591797,6.0916179337231965e-05
prove,1.2632706756079874,0.00012183235867446393
typically,0.9533278813736749,0.00024366471734892786
executed,1.1669516987959303,0.0005482456140350877
compiler,-0.4058618785794544,6.0916179337231965e-05
adam,1.0889172884632097,6.0916179337231965e-05
since,-0.05022955146126057,0.0006700779727095516
encoded,1.4269943756428496,6.0916179337231965e-05
descriptive,1.3477687989239584,6.0916179337231965e-05
execute,0.3085917070009895,0.0003654970760233918
intro,3.1888416226024128,0.0009137426900584795
apply,-1.4507713663448352,6.0916179337231965e-05
part,-0.1458626840458784,0.0011574074074074073
py,1.8741016146160814,0.00042641325536062376
extension,-0.07114651517661474,0.0001827485380116959
tone,1.694681965660737,6.0916179337231965e-05
executable,0.8676463133794556,6.0916179337231965e-05
wrote,1.4916315242153657,0.0005482456140350877
full,-0.9917150806484398,0.00012183235867446393
draw,-1.4184740953542618,0.00012183235867446393
leave,0.10512831650800376,0.0004873294346978557
serious,1.1372843795571588,6.0916179337231965e-05
life,-0.4274084721664485,0.0001827485380116959
vegetarian,5.238666268499836,0.00012183235867446393
serving,1.8365277102976165,6.0916179337231965e-05
meal,2.121016392226846,0.00012183235867446393
meat,1.9436667481588341,6.0916179337231965e-05
wouldnt,-0.17486964293420182,0.00012183235867446393
construction,3.0120873567951465,0.00030458089668615983
statement,0.8325981744323443,0.002010233918128655
keyword,1.090403172837634,0.0007919103313840156
fight,1.8101615338874328,0.00012183235867446393
expects,3.265235619831737,0.0006091617933723197
great,-1.1583275859908813,0.00030458089668615983
tune,1.3652314079768761,6.0916179337231965e-05
fix,0.8308070101710724,0.0007919103313840156
block,0.8281778125795726,0.001888401559454191
indentation,1.6826266440506328,0.0001827485380116959
indented,2.854134755018447,0.0003654970760233918
indent,2.414375052093057,0.00030458089668615983
printed,1.4528706775972438,0.0008528265107212475
elif,3.132054821468072,6.0916179337231965e-05
indeed,0.8868707429944463,0.00024366471734892786
anymore,0.9768159749546508,0.0005482456140350877
color,-1.7357351254670137,0.00024366471734892786
mentioned,0.6297281515668937,0.00030458089668615983
defining,2.0606460679882836,0.0006091617933723197
sensible,3.104934515248878,6.0916179337231965e-05
decide,0.5700553186529561,0.0001827485380116959
anonymous,1.72499090341099,0.0001827485380116959
overwise,9.316203712405555,0.00012183235867446393
ifelse,2.5419798260479407,6.0916179337231965e-05
vitam,7.706765799971454,6.0916179337231965e-05
leaf,1.7414741271674958,0.00024366471734892786
must,0.0056661317284259745,0.00024366471734892786
parton,7.195940176205464,6.0916179337231965e-05
east,1.1410314565409474,6.0916179337231965e-05
skip,0.8011238636367243,0.00024366471734892786
body,0.6289552463996799,0.0007919103313840156
wave,0.30045992809893945,6.0916179337231965e-05
size,-2.4142093390227255,6.0916179337231965e-05
ignore,-0.17919028066871656,6.0916179337231965e-05
lf,2.247180285827296,6.0916179337231965e-05
necessarily,0.2867858763096195,0.00012183235867446393
extra,-0.07042816734566446,0.0001827485380116959
live,-0.7228582831944087,0.00024366471734892786
magda,8.217591423737446,0.00012183235867446393
alex,0.6847893768992948,6.0916179337231965e-05
eight,-1.3070323795708014,6.0916179337231965e-05
h,-1.4729435284512058,6.0916179337231965e-05
allowed,1.2121871044227388,0.00030458089668615983
sc,1.9820919662838774,6.0916179337231965e-05
custom,-0.3358418526939356,0.0001827485380116959
calculates,3.266732346023217,0.00024366471734892786
maff,7.706765799971454,6.0916179337231965e-05
defines,1.746865636367836,0.0001827485380116959
relation,1.5392493090831134,0.00012183235867446393
associate,1.6122935027892435,0.00012183235867446393
input,0.4154675729363534,0.001766569200779727
output,-1.5515834786910399,0.00012183235867446393
view,-1.830530240826833,0.00012183235867446393
cup,2.389190616819003,0.00024366471734892786
tea,3.3629603781177706,0.00042641325536062376
teab,9.316203712405555,0.00012183235867446393
buug,6.608153511303345,6.0916179337231965e-05
water,1.1821361154684358,0.00030458089668615983
capup,9.316203712405555,0.00012183235867446393
boil,2.6763278785790194,6.0916179337231965e-05
pour,3.2485500269400265,6.0916179337231965e-05
detailed,1.3068406357755098,0.00012183235867446393
algorithm,-0.4193581636203508,0.00024366471734892786
puck,3.6637145321369045,6.0916179337231965e-05
reuse,1.3220533286939,0.0001827485380116959
combination,0.11945529394883937,6.0916179337231965e-05
def,2.490743676150248,0.00042641325536062376
starting,0.4334088722340643,0.0006091617933723197
teabag,5.860939109473124,6.0916179337231965e-05
greet,1.7078292380247717,6.0916179337231965e-05
argument,1.6290637259432246,0.003472222222222222
column,0.17630206184857036,0.0009746588693957114
difference,-0.21467086961933612,0.00030458089668615983
describing,1.7161349336120502,6.0916179337231965e-05
arg,2.241522562107437,6.0916179337231965e-05
arents,7.195940176205464,6.0916179337231965e-05
parameter,-1.6846787213922438,0.00012183235867446393
hiola,9.652675949026769,0.0001827485380116959
greeting,2.185876474008166,0.0001827485380116959
unfamiliar,2.1973774633434777,6.0916179337231965e-05
uhoh,3.595891935798144,0.00012183235867446393
forgot,-0.7372113291135236,6.0916179337231965e-05
congrats,3.322242285098986,0.00012183235867446393
makees,7.195940176205464,6.0916179337231965e-05
rachel,4.595920719316959,0.0007309941520467836
correctly,0.12061446237538154,0.0001827485380116959
ral,5.371390884154418,6.0916179337231965e-05
wished,5.091806021935256,6.0916179337231965e-05
mathematical,1.7520393360087632,0.0001827485380116959
ara,5.389996071985452,0.0001827485380116959
calling,-0.6036000046155091,0.00012183235867446393
got,-1.498898952429219,0.0004873294346978557
returning,-0.47718991733349914,6.0916179337231965e-05
printing,0.23005076907125133,0.0001827485380116959
calculation,1.360934526365709,0.00024366471734892786
reason,-1.9945443670593688,6.0916179337231965e-05
modify,0.1731484872350485,0.0001827485380116959
site,-0.551604847673555,0.00012183235867446393
small,0.3470301819467022,0.0005482456140350877
ar,0.9938095992943848,6.0916179337231965e-05
returned,1.0243154974098294,0.00030458089668615983
stall,3.8149455018608283,6.0916179337231965e-05
e,-0.7182682419259918,0.00012183235867446393
taking,-0.9197839124279553,0.00012183235867446393
capitalized,2.935139998965726,0.00024366471734892786
soon,-0.24282983376770254,0.0001827485380116959
loop,1.0308830036994978,0.003837719298245614
counting,0.5960696769926274,6.0916179337231965e-05
learning,-0.7865630720884761,0.00030458089668615983
playlist,0.7311649740942504,0.00012183235867446393
jungle,2.673716911038299,0.00012183235867446393
simultaneously,2.0107915077630656,6.0916179337231965e-05
drama,3.3543396350738637,6.0916179337231965e-05
flow,0.37495734172063694,0.0001827485380116959
repeat,0.7696757916470938,0.0003654970760233918
famous,1.4613052380664984,6.0916179337231965e-05
principle,0.4718673796566231,6.0916179337231965e-05
occurrence,3.136824305867107,0.0003654970760233918
chained,3.218129430239315,6.0916179337231965e-05
invariable,6.608153511303345,0.00012183235867446393
monica,5.162542573027035,0.00042641325536062376
phoebe,5.993787208596514,0.00030458089668615983
breed,2.816416671749701,0.00012183235867446393
talking,0.33386988743934454,0.0006091617933723197
viola,5.509541222635235,6.0916179337231965e-05
compact,1.9886422080445958,6.0916179337231965e-05
woman,0.9564443622754933,6.0916179337231965e-05
hundred,-0.45950728518841466,0.00012183235867446393
huhai,8.805378088639564,6.0916179337231965e-05
stepbystep,1.9394870137561262,6.0916179337231965e-05
beginning,0.8891957605251353,0.0006091617933723197
finish,0.602116177747253,0.0003654970760233918
keep,-0.7189697809559478,0.0005482456140350877
repeating,2.1576897150762346,0.00030458089668615983
trouble,0.7273102068241265,6.0916179337231965e-05
inner,1.2997588861873033,0.0003654970760233918
height,-1.8090720043265103,6.0916179337231965e-05
centimeter,5.2582267943543295,0.001888401559454191
iterate,0.45698231879742335,0.00012183235867446393
directly,-1.2363485081203296,6.0916179337231965e-05
percent,-0.9131644688958951,6.0916179337231965e-05
paris,3.2256482626533423,6.0916179337231965e-05
level,-0.6166745924048651,0.0003654970760233918
k,-0.956603501602384,6.0916179337231965e-05
convert,0.7097954336032107,0.0005482456140350877
str,2.094711692183022,0.0004873294346978557
around,-0.8560624001919676,0.0003654970760233918
range,-0.7360917010575396,0.00012183235867446393
generates,1.1676616559747657,6.0916179337231965e-05
wow,-0.34468135245168835,6.0916179337231965e-05
intense,2.1071100345241516,6.0916179337231965e-05
libs,2.8114166613329954,6.0916179337231965e-05
fancy,0.4085462538945109,6.0916179337231965e-05
pas,-1.1972688692742546,0.0003654970760233918
allow,-1.261375614155359,6.0916179337231965e-05
accept,1.288183378170967,0.00042641325536062376
clause,1.832771837337811,0.00024366471734892786
ado,1.7261936940298965,6.0916179337231965e-05
jargon,4.59643014367846,0.0001827485380116959
reading,1.8562191661459302,0.0009746588693957114
standard,0.635342252235021,0.0004873294346978557
buildin,5.438082258653091,6.0916179337231965e-05
act,0.7523177929973351,0.00012183235867446393
maybe,-1.3366931996986513,0.00042641325536062376
finished,1.12059414511678,0.00042641325536062376
isnt,-0.1780198587652597,0.00024366471734892786
producing,2.06367739398751,6.0916179337231965e-05
squar,3.9931937332671468,6.0916179337231965e-05
impossible,1.3962416447194363,6.0916179337231965e-05
somehow,1.5929134508203409,0.0003654970760233918
transformed,2.1839724368754294,6.0916179337231965e-05
sent,1.0529107070446793,0.0003654970760233918
asked,-0.4240784005288484,6.0916179337231965e-05
calculated,2.2894809143593746,0.00042641325536062376
providing,1.389801694911735,0.00024366471734892786
transforming,3.095613542305816,0.00012183235867446393
complaining,1.4096564800375193,6.0916179337231965e-05
rising,3.015417917742311,6.0916179337231965e-05
er,1.8670936046226045,6.0916179337231965e-05
rised,7.195940176205464,6.0916179337231965e-05
alla,8.805378088639564,6.0916179337231965e-05
crash,0.9112837634721035,0.00012183235867446393
anytime,0.7813670858167223,0.00012183235867446393
expect,0.5796965152556459,0.00024366471734892786
rerun,0.7749685265090798,6.0916179337231965e-05
cause,-0.3037044512623914,6.0916179337231965e-05
occurs,1.5476704114795217,0.00012183235867446393
converting,0.884931583496957,6.0916179337231965e-05
suspecting,5.669883872710415,6.0916179337231965e-05
val,0.9682184386378891,6.0916179337231965e-05
encountered,2.439939100514789,0.00012183235867446393
previously,0.9902810919395536,0.00030458089668615983
forget,0.06726095026648918,0.0001827485380116959
catch,0.23215569212823423,0.0001827485380116959
se,2.0238665362316777,0.00012183235867446393
n,-0.8862561044965713,0.00024366471734892786
goting,8.805378088639564,6.0916179337231965e-05
normal,0.4561302880727744,0.0003654970760233918
absorb,3.5020731805804886,6.0916179337231965e-05
lately,2.4579888789835542,6.0916179337231965e-05
uploading,1.2099908097855923,6.0916179337231965e-05
someone,-0.6166970006989225,0.00012183235867446393
pointed,1.9930329944620855,0.00012183235867446393
leaving,0.8669325374747762,6.0916179337231965e-05
technical,0.6062437063338243,0.00012183235867446393
beginner,-0.6701686590232143,6.0916179337231965e-05
dedicate,2.767507168717427,6.0916179337231965e-05
looking,-1.2826923508440242,0.00024366471734892786
described,2.264348089449661,0.0001827485380116959
obligation,3.3543396350738637,6.0916179337231965e-05
weak,1.859364097540337,6.0916179337231965e-05
doubt,1.1792953305671838,6.0916179337231965e-05
somebody,-1.2015230855856454,6.0916179337231965e-05
treat,1.9791944633512386,0.00024366471734892786
bet,0.6371751584035125,6.0916179337231965e-05
native,0.5960696769926273,0.0001827485380116959
speaker,1.3902029790262695,6.0916179337231965e-05
doc,0.6769193185073507,0.0001827485380116959
online,-0.5880335590211188,6.0916179337231965e-05
wwwpythonorg,6.407482815841194,6.0916179337231965e-05
managed,0.957537429217555,0.00012183235867446393
foundation,0.34729816171583344,6.0916179337231965e-05
organization,0.4802659230857189,0.00012183235867446393
care,-1.1445635682684476,6.0916179337231965e-05
top,-1.0725431043158256,0.0003654970760233918
corner,-0.5641005046749157,6.0916179337231965e-05
drop,-0.7417630374186321,0.00012183235867446393
updated,-0.668326048137193,6.0916179337231965e-05
regularly,2.200080167691363,6.0916179337231965e-05
newest,1.827164346008866,6.0916179337231965e-05
jumped,1.898623309991011,6.0916179337231965e-05
middle,-0.964635212496593,6.0916179337231965e-05
pyon,5.371390884154418,6.0916179337231965e-05
default,-0.969495829382972,0.00030458089668615983
switching,1.077402546534006,6.0916179337231965e-05
relevant,-0.18742797078691925,6.0916179337231965e-05
introduces,2.6806946977453596,6.0916179337231965e-05
including,-0.1706313863818321,6.0916179337231965e-05
model,-0.22563108965645798,0.0009137426900584795
class,-0.1585890434019809,0.002071150097465887
reference,-0.5032679721207417,0.00024366471734892786
gather,2.1561345048094283,0.00012183235867446393
ordered,0.8443566227561944,6.0916179337231965e-05
topic,0.3820361417914077,0.00030458089668615983
table,-1.1636318758547815,0.00024366471734892786
content,-0.08423586291944746,0.0006700779727095516
f,-0.8251470945298779,0.0001827485380116959
highlighted,0.9211781549635251,6.0916179337231965e-05
green,-1.3097066113104014,6.0916179337231965e-05
box,-1.4491817421741826,0.00012183235867446393
scary,1.9825273167478712,0.00012183235867446393
us,0.12905885993732355,0.0001827485380116959
assumes,2.4067831541043567,6.0916179337231965e-05
figure,-0.980035135818662,0.00012183235867446393
commment,3.900103310201135,6.0916179337231965e-05
section,-1.4523865352352947,0.00012183235867446393
subsection,3.210666709037725,6.0916179337231965e-05
seem,0.4179747268043278,0.00012183235867446393
scroll,-0.75139899498254,0.00012183235867446393
changing,-0.05388389432604335,0.0001827485380116959
capitalize,2.956053308692705,0.00024366471734892786
strr,5.438082258653091,6.0916179337231965e-05
bold,0.9248005270476174,0.00012183235867446393
textt,5.091806021935256,6.0916179337231965e-05
attached,0.6258979032806729,6.0916179337231965e-05
state,-1.6104410959197613,0.0001827485380116959
copy,-0.3111100057933884,0.0008528265107212475
examp,4.0779902699272235,6.0916179337231965e-05
smaller,0.34741390245670345,0.00030458089668615983
popular,-0.33421787881086057,6.0916179337231965e-05
maray,9.652675949026769,0.0001827485380116959
showing,-0.7077743184651961,0.00012183235867446393
weird,0.07130089608026124,0.00024366471734892786
alt,0.5206214954491294,6.0916179337231965e-05
par,2.637861597751223,0.00012183235867446393
pareses,7.706765799971454,6.0916179337231965e-05
marry,4.762326820805014,0.00012183235867446393
optional,1.5657409245300895,0.0004873294346978557
obligatory,5.509541222635235,0.00012183235867446393
inide,5.669883872710415,6.0916179337231965e-05
murray,4.998715598869245,6.0916179337231965e-05
alone,0.8053639949614928,6.0916179337231965e-05
like,0.16084764876213192,6.0916179337231965e-05
required,-0.7198460132135442,6.0916179337231965e-05
prefix,0.532296754973733,6.0916179337231965e-05
knew,0.3968843141466678,6.0916179337231965e-05
represents,-0.18742797078691925,6.0916179337231965e-05
dividing,1.0343110025741589,6.0916179337231965e-05
chunk,1.3473841835346014,0.00024366471734892786
break,-0.7154571538535559,0.0001827485380116959
separator,1.4574342654908772,6.0916179337231965e-05
max,0.013537407042006046,0.00024366471734892786
spit,2.5035443504693613,0.0001827485380116959
sap,3.2226339423604196,0.00012183235867446393
wwwjcoorg,8.805378088639564,6.0916179337231965e-05
sa,0.909197480024073,6.0916179337231965e-05
ww,4.09584788732723,0.00012183235867446393
orc,5.371390884154418,6.0916179337231965e-05
jorg,7.195940176205464,6.0916179337231965e-05
currently,-0.735488304780289,0.00012183235867446393
recognize,0.6422917130563492,6.0916179337231965e-05
documation,7.195940176205464,6.0916179337231965e-05
considering,1.303743630756151,6.0916179337231965e-05
help,-0.3365151812577926,0.0006091617933723197
tackle,1.6468640913102441,6.0916179337231965e-05
enjoy,0.4487762738805721,0.00012183235867446393
long,0.017917876025733918,0.0006091617933723197
prepared,1.3420150431195434,0.00012183235867446393
exercise,0.6999882313335524,0.00030458089668615983
solve,1.0859392540840553,0.0006700779727095516
missed,0.4795875627534742,6.0916179337231965e-05
linked,-0.5524335626948266,6.0916179337231965e-05
tip,0.21780099367023695,0.00012183235867446393
wish,0.14894483013182297,6.0916179337231965e-05
week,-0.7451846223828456,0.00012183235867446393
solving,0.8044251536908166,0.00012183235867446393
solution,0.7515364151886854,0.0006091617933723197
proposed,2.565102243468795,6.0916179337231965e-05
idea,-0.5203738819064907,0.0004873294346978557
seeing,-0.9492033406420126,6.0916179337231965e-05
moved,0.5792326271514094,0.00012183235867446393
confused,0.5792326271514094,0.00012183235867446393
imperial,4.026254595528035,6.0916179337231965e-05
unit,2.08284999214686,0.002132066276803119
metric,0.3196755643146977,6.0916179337231965e-05
inch,3.389277686435144,0.0005482456140350877
never,-0.2681736435857531,0.00030458089668615983
interest,3.0057896893122384,0.001644736842105263
quick,-0.6593054536775341,0.0001827485380116959
hint,0.6428618384993863,6.0916179337231965e-05
decimal,-0.37789936378692923,6.0916179337231965e-05
bonus,1.8459795765055889,0.0001827485380116959
convertible,3.9455656842778923,6.0916179337231965e-05
crush,2.444075611066569,6.0916179337231965e-05
teach,-0.6707821089312643,6.0916179337231965e-05
potentially,0.2756636166696551,6.0916179337231965e-05
lifetime,1.3974537660799653,6.0916179337231965e-05
test,-1.0575895070916583,0.00042641325536062376
admit,2.724529980396897,0.00012183235867446393
hated,3.2563020037443446,6.0916179337231965e-05
school,-0.8802643510335623,6.0916179337231965e-05
felt,0.8499529997268924,6.0916179337231965e-05
limited,0.4462432018816023,6.0916179337231965e-05
strategy,0.13272079459925512,6.0916179337231965e-05
bad,0.3602098333032799,0.0003654970760233918
task,-0.8847553394020533,0.00012183235867446393
score,0.3365722013752833,0.0004873294346978557
present,-0.6359946360710653,6.0916179337231965e-05
death,1.467269986041484,0.00012183235867446393
funk,1.9773155785666758,0.00012183235867446393
bar,-1.517904736312883,6.0916179337231965e-05
answered,2.264348089449661,0.0001827485380116959
otherwise,-0.6728650282207786,0.00012183235867446393
excited,0.705014335410541,0.00024366471734892786
sit,0.2800183345569337,6.0916179337231965e-05
frustrating,1.797777474687711,6.0916179337231965e-05
stuck,0.01953275067835154,6.0916179337231965e-05
carefully,1.3664064962437026,6.0916179337231965e-05
google,-0.410844946494774,0.00024366471734892786
phrase,1.009320114323441,6.0916179337231965e-05
describe,0.698803260572292,0.00012183235867446393
experiencing,2.707303806473324,6.0916179337231965e-05
derp,5.860939109473124,6.0916179337231965e-05
mine,0.8994624684826414,0.0001827485380116959
fine,-2.0889694900704434,6.0916179337231965e-05
motivated,2.0519401700417848,6.0916179337231965e-05
share,0.6398049694073715,0.0005482456140350877
facebook,-0.05866190839642547,6.0916179337231965e-05
gave,0.8612405975254516,0.00024366471734892786
remind,1.6341822015786807,0.00012183235867446393
wanted,-0.6347361133859531,0.0003654970760233918
handling,0.9728538341623119,0.0001827485380116959
stat,1.7449017226397634,6.0916179337231965e-05
asking,-0.6942680369044968,6.0916179337231965e-05
hopefully,-1.4072472083776344,6.0916179337231965e-05
dealing,1.0672635186333865,0.0001827485380116959
image,-1.8481888963601385,0.00030458089668615983
engine,-0.5367797079568051,6.0916179337231965e-05
quality,0.02320866230718406,6.0916179337231965e-05
multiplied,0.19925868802892552,6.0916179337231965e-05
non,0.82843933168013,6.0916179337231965e-05
told,0.35661670164804776,0.0001827485380116959
annoying,1.0982255092548228,0.00012183235867446393
although,-0.7798994530758243,6.0916179337231965e-05
successfully,0.04938849350139343,0.00012183235867446393
converted,0.48932236827492215,6.0916179337231965e-05
made,-0.8070215983099499,0.00030458089668615983
readable,2.0841933807407966,0.00042641325536062376
ugly,1.5751046223701892,0.00012183235867446393
cm,1.529513488093032,6.0916179337231965e-05
separating,2.640380490770707,0.00012183235867446393
resist,4.282037920899105,0.0001827485380116959
introducing,1.7144682665595807,6.0916179337231965e-05
performs,1.546261960542464,6.0916179337231965e-05
formatting,1.158260205300519,0.00012183235867446393
literal,0.4771685968908321,6.0916179337231965e-05
replacement,2.691379903116601,0.0001827485380116959
filter,-0.9694234562685184,6.0916179337231965e-05
delimiter,2.837694070196986,0.00012183235867446393
brace,-0.690667402904178,6.0916179337231965e-05
field,-1.0605188499807316,0.0001827485380116959
numeric,0.7671889086663617,6.0916179337231965e-05
positional,1.6360280719689648,6.0916179337231965e-05
replaced,0.9401901344520971,6.0916179337231965e-05
corresponding,0.38888960134495926,6.0916179337231965e-05
placeholder,1.9363089288894009,0.0005482456140350877
template,-0.5492481388590013,0.0001827485380116959
invitation,2.477186235402546,0.0001827485380116959
send,1.6825696292730996,0.0029239766081871343
inject,2.1444371743481048,0.0001827485380116959
holder,1.8516938777690275,6.0916179337231965e-05
turn,-0.899980772896918,0.0001827485380116959
adopt,2.400149630608723,6.0916179337231965e-05
apple,-0.5052600046519822,6.0916179337231965e-05
remembering,2.622880044135606,0.00012183235867446393
noticed,0.7504108511532552,0.00012183235867446393
transform,-0.5348495441710407,6.0916179337231965e-05
preacher,5.972164744583348,6.0916179337231965e-05
separate,1.313853211383523,0.0010964912280701754
naming,0.3687444050817439,6.0916179337231965e-05
expose,1.1466785303712652,6.0916179337231965e-05
intent,1.2180675826169491,6.0916179337231965e-05
freezable,8.805378088639564,6.0916179337231965e-05
pl,4.299703298856901,0.0004873294346978557
saving,0.5830930147668474,0.00012183235867446393
sunny,0.6377423733931954,6.0916179337231965e-05
realize,0.6425197242298846,0.00012183235867446393
scientist,1.8849886718398599,0.0001827485380116959
smarter,1.9799180523842577,6.0916179337231965e-05
spotify,1.4158141349619293,6.0916179337231965e-05
curve,0.04838090501600989,6.0916179337231965e-05
fire,0.6881650751009215,0.00024366471734892786
node,-0.8656097801583281,0.00042641325536062376
avert,5.860939109473124,6.0916179337231965e-05
import,0.6200120897286862,0.001583820662768031
importing,0.9205326813248486,0.0001827485380116959
vital,2.8014910215330255,6.0916179337231965e-05
kadir,7.706765799971454,6.0916179337231965e-05
mv,2.7580059095932863,6.0916179337231965e-05
subfolder,3.3041198780948373,6.0916179337231965e-05
founder,1.8555216336387919,6.0916179337231965e-05
away,-1.4742487426228994,6.0916179337231965e-05
wont,-0.45378419303390183,0.00024366471734892786
cover,-1.0735605909751509,6.0916179337231965e-05
proud,1.518501676888865,6.0916179337231965e-05
cave,2.1245234098493495,6.0916179337231965e-05
except,0.3323159320120358,0.0001827485380116959
handle,-0.8509933531914444,0.00012183235867446393
improvement,1.3141788941894454,0.00012183235867446393
extracted,2.3417248013805096,0.00012183235867446393
paste,-0.6719382750464862,0.00030458089668615983
pasted,1.2385496094312336,6.0916179337231965e-05
invented,2.1448029387998786,6.0916179337231965e-05
sounding,3.271988599912044,6.0916179337231965e-05
invert,2.2358966682252683,6.0916179337231965e-05
refactor,1.9499692900296364,0.00024366471734892786
study,0.2088193418425865,6.0916179337231965e-05
ally,2.565102243468795,6.0916179337231965e-05
sentimental,5.972164744583348,6.0916179337231965e-05
kanyes,8.805378088639564,6.0916179337231965e-05
yay,2.2303022480399437,0.0001827485380116959
explicitly,0.5302564584230556,6.0916179337231965e-05
watching,-1.4907932376399948,6.0916179337231965e-05
improve,0.47620264656216266,0.00012183235867446393
refactoring,2.481787470514263,0.0001827485380116959
robust,1.4307490734206194,6.0916179337231965e-05
less,-1.2094527612572463,0.0001827485380116959
hurry,3.2256482626533423,6.0916179337231965e-05
placed,0.5503291858872692,6.0916179337231965e-05
sneaky,3.3543396350738637,6.0916179337231965e-05
couldnt,1.0521838187552233,0.00024366471734892786
forgive,3.761952971720318,6.0916179337231965e-05
hardest,1.9563118060061069,6.0916179337231965e-05
post,-1.7516370517613595,0.00012183235867446393
reminding,3.159931190996327,6.0916179337231965e-05
asks,0.8774045884173296,0.00012183235867446393
fifth,0.6468618438327325,6.0916179337231965e-05
ten,0.6450416758748068,0.00030458089668615983
quiz,2.4446853671830224,0.0004873294346978557
related,-0.6768959988202602,6.0916179337231965e-05
preferred,1.5997429122292004,6.0916179337231965e-05
grab,-1.5103184475380735,6.0916179337231965e-05
qadir,8.805378088639564,6.0916179337231965e-05
dr,2.8383770137099567,0.00024366471734892786
wrapping,2.080687499649328,0.0001827485380116959
triple,2.110992849144657,0.0001827485380116959
none,-0.07320292364390975,0.00012183235867446393
transfer,0.7723685900428964,0.00012183235867446393
trip,1.3317409801433582,6.0916179337231965e-05
aspect,0.15838545968848255,6.0916179337231965e-05
var,0.45840398522964965,0.00012183235867446393
x,-3.1441816398508577,6.0916179337231965e-05
creating,0.04494154914986553,0.0005482456140350877
presented,1.5952984604687763,6.0916179337231965e-05
proper,-0.10182810632591575,6.0916179337231965e-05
newline,3.111645949836865,6.0916179337231965e-05
repetitive,2.0707864286666164,6.0916179337231965e-05
forward,-0.8218419962600367,0.00012183235867446393
remaining,1.8543423012989648,0.0003654970760233918
truth,0.8332569597179089,6.0916179337231965e-05
sir,1.3938218008284011,6.0916179337231965e-05
implemented,0.006470596551337477,6.0916179337231965e-05
tarnish,6.407482815841194,6.0916179337231965e-05
wasted,3.0339369655095485,0.00012183235867446393
repetition,1.8748833226879378,6.0916179337231965e-05
tan,2.437190902289072,6.0916179337231965e-05
wrapped,1.3351539527395981,6.0916179337231965e-05
florida,3.0032597132625014,6.0916179337231965e-05
row,0.8625857635386573,0.001705653021442495
expected,0.2308598306040576,0.00012183235867446393
common,-1.141504146215753,6.0916179337231965e-05
gifs,3.4726592953741955,6.0916179337231965e-05
reactor,2.7392699985358164,6.0916179337231965e-05
successful,-0.13982417531973199,6.0916179337231965e-05
fully,-0.11901204372959616,6.0916179337231965e-05
pack,-0.1031812865053358,6.0916179337231965e-05
merge,-0.0569638748767824,6.0916179337231965e-05
correspond,1.6162103502192418,6.0916179337231965e-05
waste,1.2354504333969125,6.0916179337231965e-05
lit,2.0707864286666164,6.0916179337231965e-05
catching,2.019790443631635,6.0916179337231965e-05
newly,2.949264770873091,0.00030458089668615983
update,-2.2503415053147893,6.0916179337231965e-05
track,-0.2509615922604851,0.0001827485380116959
charm,1.9066635543095765,6.0916179337231965e-05
separately,0.9394226747060627,6.0916179337231965e-05
electorate,7.706765799971454,6.0916179337231965e-05
cut,0.34059159316730114,0.0001827485380116959
khedira,8.805378088639564,6.0916179337231965e-05
dict,2.077946363788709,6.0916179337231965e-05
tedious,1.8160428226650045,6.0916179337231965e-05
fastforward,4.694504224466253,6.0916179337231965e-05
unpack,1.9168056290742013,6.0916179337231965e-05
completely,-0.2210222746986078,0.0001827485380116959
changed,-0.07158525162270787,0.00024366471734892786
yahoo,4.379676390463021,0.0001827485380116959
stood,3.563631073579922,0.00012183235867446393
nobody,0.4800720588869825,6.0916179337231965e-05
suggest,0.33255484495926746,6.0916179337231965e-05
phase,0.5581580358943347,6.0916179337231965e-05
incorrectly,2.0220528880356046,6.0916179337231965e-05
prevent,1.6897959624551109,0.00024366471734892786
white,-1.1866238774273024,6.0916179337231965e-05
straight,-0.36069686703860293,6.0916179337231965e-05
letting,1.2130119601197684,6.0916179337231965e-05
ol,3.675479373716491,6.0916179337231965e-05
introduced,0.929498929143255,6.0916179337231965e-05
plan,-0.5707309267895047,6.0916179337231965e-05
ive,-2.6763146738995656,6.0916179337231965e-05
filming,3.174166306818199,6.0916179337231965e-05
suggested,1.4121149938757265,6.0916179337231965e-05
avoid,-0.027938848859756938,6.0916179337231965e-05
unless,-0.13799745247355902,6.0916179337231965e-05
necessary,-0.07214336521330782,6.0916179337231965e-05
requested,1.4914912570061023,6.0916179337231965e-05
wine,2.5496280468861974,6.0916179337231965e-05
lip,2.0288710962673813,6.0916179337231965e-05
lovehate,6.859467939584251,6.0916179337231965e-05
relationship,-0.2519276471675565,6.0916179337231965e-05
situation,-0.5148027490161505,6.0916179337231965e-05
tricky,0.23161554573543267,6.0916179337231965e-05
headache,2.1071100345241516,6.0916179337231965e-05
expression,0.3382320048614829,0.0003654970760233918
evaluated,1.0791654381320355,6.0916179337231965e-05
puff,3.5020731805804886,6.0916179337231965e-05
clearer,1.9820919662838774,6.0916179337231965e-05
responded,3.8207934717432512,0.0001827485380116959
wilder,8.294552464873574,0.00024366471734892786
wild,2.190205760708919,0.00024366471734892786
goodbye,0.9587881133483779,6.0916179337231965e-05
funded,3.152888908370914,6.0916179337231965e-05
within,-2.2283657578991347,6.0916179337231965e-05
whether,-1.6166949022739945,6.0916179337231965e-05
flock,3.380428071158162,6.0916179337231965e-05
boot,0.11574534028382287,6.0916179337231965e-05
early,-0.02501871245853159,6.0916179337231965e-05
copypaste,3.3041198780948373,6.0916179337231965e-05
wire,1.9397849875366382,0.0001827485380116959
known,-0.018942595876791982,0.0001827485380116959
aware,0.16296293246994514,6.0916179337231965e-05
panic,2.1245234098493495,6.0916179337231965e-05
prefer,0.6387641718472205,0.00012183235867446393
past,-0.43558847687837926,6.0916179337231965e-05
ensure,0.2638826047003622,6.0916179337231965e-05
unfortunately,0.42997890284121365,6.0916179337231965e-05
wildfire,5.669883872710415,6.0916179337231965e-05
oil,2.5612111879758284,6.0916179337231965e-05
periodic,2.821441807952374,6.0916179337231965e-05
colin,3.6873842762228093,6.0916179337231965e-05
iterating,1.060808279285069,6.0916179337231965e-05
walnut,5.860939109473124,6.0916179337231965e-05
cant,-1.3465029637498063,0.0001827485380116959
evaluates,1.326078450856731,6.0916179337231965e-05
manually,-0.40566203845089166,6.0916179337231965e-05
watched,1.6144867690535651,0.0001827485380116959
hell,0.7211239823322464,6.0916179337231965e-05
incrementing,1.8574410200245954,0.00012183235867446393
bigger,-0.4728265181527485,0.00012183235867446393
fetch,-0.6690942153281388,6.0916179337231965e-05
doesnt,-2.562833694303572,6.0916179337231965e-05
kill,0.8125011111718167,0.00012183235867446393
force,-0.11543851600546627,0.00012183235867446393
ctrl,0.0007528560267552029,6.0916179337231965e-05
c,-1.3847034445911568,0.00024366471734892786
fell,2.2387056588363237,6.0916179337231965e-05
infinite,0.8847862980107214,0.00012183235867446393
slower,0.9634921596549412,6.0916179337231965e-05
europe,2.1046469790917537,6.0916179337231965e-05
higher,-0.4834961609907252,6.0916179337231965e-05
trained,0.47090653403862126,6.0916179337231965e-05
increment,0.1737598743385409,0.0001827485380116959
monika,6.859467939584251,6.0916179337231965e-05
proceed,1.0513254496038071,6.0916179337231965e-05
implementation,0.0824398254857842,0.00012183235867446393
role,-0.4805334701836923,6.0916179337231965e-05
translated,1.8946273006776289,6.0916179337231965e-05
thunderous,8.805378088639564,6.0916179337231965e-05
finding,1.10343808037476,0.00030458089668615983
juice,2.087573393615873,6.0916179337231965e-05
secret,2.5814451806523238,0.001705653021442495
texture,0.5021917442039509,0.0001827485380116959
bottom,-1.7788550617387655,6.0916179337231965e-05
stick,-0.37150890707739886,6.0916179337231965e-05
txt,0.8645095032220134,0.00012183235867446393
existence,2.608933960845044,6.0916179337231965e-05
exists,1.7049242462347485,0.0008528265107212475
rescue,3.4072153871218114,6.0916179337231965e-05
kept,0.6208643356058436,6.0916179337231965e-05
splitted,4.410928933967126,6.0916179337231965e-05
module,0.18345510674660515,0.0005482456140350877
curious,0.9139725394589993,0.00012183235867446393
library,0.4607969442383888,0.0007309941520467836
earth,1.1307605912752012,6.0916179337231965e-05
precise,1.445910450383943,6.0916179337231965e-05
path,0.16582106510592942,0.0006700779727095516
news,0.23920427500170516,6.0916179337231965e-05
took,0.15108487972177911,0.0001827485380116959
viton,8.805378088639564,6.0916179337231965e-05
require,-0.4330637134474931,6.0916179337231965e-05
navigate,-0.3131758877059099,6.0916179337231965e-05
slash,-0.4833616834776844,0.00030458089668615983
phi,3.066504294172093,0.0001827485380116959
outside,-1.0786717700040884,6.0916179337231965e-05
newsletter,2.413460975246962,6.0916179337231965e-05
convention,1.0458248856799952,0.0001827485380116959
pop,-0.8905316356864441,6.0916179337231965e-05
copied,0.21809928965663922,6.0916179337231965e-05
exist,-0.39424505849541314,0.00012183235867446393
sucribe,8.805378088639564,6.0916179337231965e-05
creates,0.4609680891985874,0.00012183235867446393
closed,0.6141920839967758,0.00012183235867446393
auto,-0.757940402431061,6.0916179337231965e-05
supersecret,7.706765799971454,6.0916179337231965e-05
freed,3.125205479622497,6.0916179337231965e-05
cool,-1.5955154457030853,0.0001827485380116959
mode,-0.7208964794544932,0.00012183235867446393
appened,8.805378088639564,6.0916179337231965e-05
appending,2.3195222242290163,0.00012183235867446393
ending,0.4434361824946182,6.0916179337231965e-05
sauce,2.479228615484465,6.0916179337231965e-05
password,0.9661676412635004,0.0013401559454191032
recently,0.2580437403113401,6.0916179337231965e-05
automating,3.049003163864193,0.00012183235867446393
boring,1.1354160931659874,6.0916179337231965e-05
spreadsheet,3.3100744918933263,0.0009746588693957114
excel,1.190276909697669,0.00012183235867446393
email,2.7747353000603137,0.008589181286549707
custommade,5.760855650916141,6.0916179337231965e-05
focus,-0.4252941823085367,0.00012183235867446393
daytime,2.7770995684088664,6.0916179337231965e-05
fit,-0.10269435255641897,0.00012183235867446393
pilot,2.6253614349869916,6.0916179337231965e-05
edge,-0.1898400465178766,0.0001827485380116959
consider,-0.3907619339354768,6.0916179337231965e-05
extend,0.3946571417338437,6.0916179337231965e-05
mail,3.118131582623463,0.0007309941520467836
drive,0.28630666221155443,0.00012183235867446393
openoffice,8.805378088639564,6.0916179337231965e-05
fictional,3.5426878997346787,6.0916179337231965e-05
accepted,4.7395175639598035,0.0021929824561403508
workshop,3.8529774175407403,0.0010355750487329434
easiest,0.35069880261256936,6.0916179337231965e-05
csv,3.3800450761324154,0.002071150097465887
acronym,2.4269519049879777,6.0916179337231965e-05
machine,-1.7495749054618654,6.0916179337231965e-05
rename,-0.32840516061446295,6.0916179337231965e-05
cell,0.6008534716005658,0.0003654970760233918
bayson,8.805378088639564,6.0916179337231965e-05
title,-1.708662768652489,6.0916179337231965e-05
underscore,0.14742574056117363,0.0005482456140350877
delta,0.33339149006140617,6.0916179337231965e-05
csb,5.972164744583348,6.0916179337231965e-05
linebyline,5.669883872710415,6.0916179337231965e-05
base,-0.5522116527893373,0.0001827485380116959
date,-1.4568672372394007,6.0916179337231965e-05
sundered,7.706765799971454,6.0916179337231965e-05
reader,2.3976248671778366,0.0004873294346978557
originally,0.8325673045181603,6.0916179337231965e-05
opened,0.3635552042481035,6.0916179337231965e-05
reread,4.542698211598249,6.0916179337231965e-05
theta,0.7382917859546116,0.00012183235867446393
header,-0.866089130269684,0.00012183235867446393
wed,-0.0010459752183044303,6.0916179337231965e-05
rather,-1.0782638356758574,6.0916179337231965e-05
reach,-0.059057701684415,0.00012183235867446393
feed,-0.020328684808387093,6.0916179337231965e-05
convenient,1.1307605912752012,6.0916179337231965e-05
goal,-0.8583918179613,6.0916179337231965e-05
coach,3.849244892967644,0.0006700779727095516
acceptance,4.681474724175919,0.00012183235867446393
rejection,3.7593756507060174,0.00012183235867446393
emailed,3.5020731805804886,6.0916179337231965e-05
rejected,3.9332388717972337,0.00042641325536062376
personalized,3.2879251921748565,0.0001827485380116959
constant,-0.20837372081139247,0.0001827485380116959
indicate,1.425246996266636,0.00012183235867446393
thrilled,2.7916629325967626,6.0916179337231965e-05
braket,5.250030027150151,6.0916179337231965e-05
thank,-0.646217192985406,0.00030458089668615983
organizer,3.8314067789149,0.00012183235867446393
sorry,-1.956792269150331,6.0916179337231965e-05
due,0.6440030654420775,6.0916179337231965e-05
branch,-0.9278548083207471,6.0916179337231965e-05
rich,1.4613052380664984,6.0916179337231965e-05
counter,-0.6864502116250718,6.0916179337231965e-05
injected,2.191993870260005,6.0916179337231965e-05
protected,0.9084534323706995,6.0916179337231965e-05
civil,2.6590488309706672,6.0916179337231965e-05
hana,5.371390884154418,6.0916179337231965e-05
generated,1.0747640225758246,0.00030458089668615983
minor,1.0695077686869976,6.0916179337231965e-05
usually,-0.7807513823347817,0.00012183235867446393
automatically,-0.8776747403932719,0.00012183235867446393
equivalent,0.4781354811817727,6.0916179337231965e-05
record,-0.8874501590708537,6.0916179337231965e-05
twelve,1.6375689043231205,6.0916179337231965e-05
fifteen,2.061318902328217,6.0916179337231965e-05
sending,1.9111273803790163,0.0008528265107212475
scouting,6.097327887537355,6.0916179337231965e-05
project,-2.4466162843806463,0.00012183235867446393
horrible,1.6298883750153423,6.0916179337231965e-05
recipient,3.450365378414982,0.00024366471734892786
personal,0.8878417346959333,0.0001827485380116959
shouldnt,-0.011475151987861055,0.00012183235867446393
anyone,0.499435169091158,0.0001827485380116959
consent,4.247299510185323,0.00012183235867446393
family,0.3293819620736652,0.00012183235867446393
pcc,6.608153511303345,6.0916179337231965e-05
especially,-0.2965972586584933,0.00012183235867446393
smtp,5.207260350762302,0.0015229044834307991
protocol,1.182877229544986,0.00024366471734892786
amongst,2.4579888789835542,6.0916179337231965e-05
others,0.7408763928372422,0.0001827485380116959
http,-0.17743413370458458,0.00012183235867446393
server,-0.12869628036612207,0.0007919103313840156
packet,0.9502210827582196,6.0916179337231965e-05
treated,1.7261936940298965,6.0916179337231965e-05
thankfully,2.0519401700417848,6.0916179337231965e-05
lee,2.364431548006644,6.0916179337231965e-05
emailspy,8.805378088639564,6.0916179337231965e-05
leap,2.5956389673288762,0.0001827485380116959
connects,1.4332600603017775,6.0916179337231965e-05
via,-0.08434371063857264,6.0916179337231965e-05
connect,0.18703168139041895,0.0003654970760233918
thoracic,8.805378088639564,6.0916179337231965e-05
configure,-0.20492472073688386,6.0916179337231965e-05
locally,0.4180658180778469,6.0916179337231965e-05
complicate,3.210666709037725,6.0916179337231965e-05
gmail,3.629228356065735,0.0006091617933723197
account,-0.21305089070335925,0.00042641325536062376
gmailcom,2.7163332131927183,0.00024366471734892786
push,-1.1906430652994964,6.0916179337231965e-05
behalf,2.129554867004716,6.0916179337231965e-05
lying,2.1707447307778787,6.0916179337231965e-05
didnt,-2.1441118022923757,6.0916179337231965e-05
home,-1.441876457534512,6.0916179337231965e-05
hacked,3.111645949836865,6.0916179337231965e-05
credential,0.31885031153421206,6.0916179337231965e-05
setting,-0.9151734326375521,0.0001827485380116959
settingspi,3.9301807654384127,6.0916179337231965e-05
sender,2.8184236970094685,0.00042641325536062376
emailspi,9.316203712405555,0.00012183235867446393
lib,1.7178043830815912,0.00012183235867446393
processing,-0.9662338425829823,6.0916179337231965e-05
connection,0.5543925380085637,0.00042641325536062376
smftp,8.805378088639564,6.0916179337231965e-05
smtpgmailcom,5.602631645701247,0.00012183235867446393
specific,-1.2901090372417896,0.00012183235867446393
browse,1.6195366308790935,0.00012183235867446393
smtpmailyakcom,8.805378088639564,6.0916179337231965e-05
log,-1.9811949533396163,6.0916179337231965e-05
login,-0.3206641054081936,0.0001827485380116959
username,-0.9787063666487822,6.0916179337231965e-05
sprint,1.7261936940298965,6.0916179337231965e-05
sendik,8.805378088639564,6.0916179337231965e-05
quit,0.5026165079355152,0.00012183235867446393
applicationscsv,8.805378088639564,6.0916179337231965e-05
spam,1.5485164352186471,0.00012183235867446393
auf,8.805378088639564,6.0916179337231965e-05
supported,0.8576995173379971,6.0916179337231965e-05
stupid,1.4625988993077184,6.0916179337231965e-05
encrypting,3.264114543481138,6.0916179337231965e-05
pocket,2.4579888789835542,6.0916179337231965e-05
tl,3.2022055268825915,0.0001827485380116959
transport,2.545250474916063,0.0001827485380116959
security,0.28465779144717,0.00024366471734892786
encrypted,1.5239924250692816,6.0916179337231965e-05
echner,8.805378088639564,6.0916179337231965e-05
eclo,8.805378088639564,6.0916179337231965e-05
identify,0.11877973236259923,6.0916179337231965e-05
connecting,1.1519780601397278,0.00012183235867446393
eclow,8.805378088639564,6.0916179337231965e-05
eclip,8.805378088639564,6.0916179337231965e-05
encryption,0.9010432465544693,6.0916179337231965e-05
received,0.6020740618442818,6.0916179337231965e-05
evo,3.961191002180973,6.0916179337231965e-05
customized,2.0403391118590224,6.0916179337231965e-05
based,-1.8422111314553176,6.0916179337231965e-05
ton,-0.8745283168513064,6.0916179337231965e-05
subject,2.926780794853162,0.0011574074074074073
concatenate,1.0209048529030955,6.0916179337231965e-05
newlines,7.706765799971454,6.0916179337231965e-05
shared,0.05501181027193867,6.0916179337231965e-05
warning,0.0468085776480574,6.0916179337231965e-05
laying,2.4685523574931234,6.0916179337231965e-05
twofactor,3.961191002180973,6.0916179337231965e-05
authentication,0.30663404089185686,0.00012183235867446393
hate,1.0292626115408223,6.0916179337231965e-05
useless,1.918846446109054,6.0916179337231965e-05
ad,-0.2453802135121532,6.0916179337231965e-05
receiving,1.032625372170823,6.0916179337231965e-05
agree,0.5576342014140482,6.0916179337231965e-05
receive,-0.6336106552852732,6.0916179337231965e-05
mentioning,1.6344896101270592,6.0916179337231965e-05
straightforward,0.104697353789403,6.0916179337231965e-05
procedural,2.202790196450228,6.0916179337231965e-05
paradigm,2.807434575433873,0.00012183235867446393
objectoriented,0.947897301697035,6.0916179337231965e-05
complex,-0.24781712452903115,0.00012183235867446393
possibility,0.1739637531333042,6.0916179337231965e-05
grasp,2.655628562565869,0.00012183235867446393
combine,-0.027647218644800086,6.0916179337231965e-05
behavior,0.44403702369034287,0.0001827485380116959
behave,1.4638942362764036,6.0916179337231965e-05
instance,0.5939098489391974,0.0010964912280701754
abstraction,1.398667358461924,6.0916179337231965e-05
cookie,2.669380390799284,0.00042641325536062376
cutter,4.32966596988836,0.0001827485380116959
shape,-0.7067099696131106,0.00012183235867446393
concrete,2.3250268252843456,0.00012183235867446393
interact,-0.1846896071140916,6.0916179337231965e-05
contained,1.234419505470554,6.0916179337231965e-05
applicant,6.994124824730508,0.003837719298245614
representing,0.9151698755296035,6.0916179337231965e-05
attribute,-1.5286248442045112,6.0916179337231965e-05
eve,3.4163063588230633,6.0916179337231965e-05
filled,0.4235465351540035,6.0916179337231965e-05
introduce,0.18653124349682723,6.0916179337231965e-05
candidate,0.8769720624590295,6.0916179337231965e-05
property,-0.46045176141807254,0.0005482456140350877
cach,2.685080669688614,6.0916179337231965e-05
synx,4.835086175087443,6.0916179337231965e-05
unique,-0.8499685660653155,6.0916179337231965e-05
colum,3.287925192174857,6.0916179337231965e-05
anywhere,-0.3791315233020967,6.0916179337231965e-05
init,0.9986817161183851,0.00024366471734892786
initialize,-0.7213046962816109,6.0916179337231965e-05
puy,8.805378088639564,6.0916179337231965e-05
therefore,-0.14372738089968565,6.0916179337231965e-05
uncore,1.4170502290624576,6.0916179337231965e-05
self,1.168180789774618,0.0011574074074074073
passed,-0.9306962238357274,6.0916179337231965e-05
bleen,7.195940176205464,6.0916179337231965e-05
everywhere,0.35027308953674874,6.0916179337231965e-05
bulen,8.805378088639564,6.0916179337231965e-05
ban,3.072036811741819,6.0916179337231965e-05
particular,-1.522690689196958,0.00012183235867446393
buau,7.706765799971454,6.0916179337231965e-05
entity,-0.5121111988536615,6.0916179337231965e-05
binding,0.5814827084607436,6.0916179337231965e-05
responsible,0.5292378690811047,6.0916179337231965e-05
generating,0.6417219124711321,6.0916179337231965e-05
prepare,2.183153352156758,0.0003654970760233918
dev,-0.48515882533089516,6.0916179337231965e-05
el,2.129554867004716,6.0916179337231965e-05
inv,4.727840644733845,6.0916179337231965e-05
piy,3.9301807654384127,6.0916179337231965e-05
secure,0.8926620770707729,0.00012183235867446393
apps,-0.1599564851652737,0.00012183235867446393
enabled,0.26505447983447256,6.0916179337231965e-05
viewer,0.5884795077259516,6.0916179337231965e-05
issue,-1.5907609336836441,6.0916179337231965e-05
helping,0.3951021795694044,6.0916179337231965e-05
bug,-0.39864235459179903,6.0916179337231965e-05
logged,-0.4570802375987252,6.0916179337231965e-05
googlecom,1.7500652452998127,6.0916179337231965e-05
testing,-1.0138035148433073,6.0916179337231965e-05
purpose,-0.605369307676958,6.0916179337231965e-05
dop,4.170649100409928,6.0916179337231965e-05
instantiate,1.3202232376417953,0.00012183235867446393
cleaner,0.8325673045181603,6.0916179337231965e-05
together,-1.6625422031003736,6.0916179337231965e-05
failed,0.4392403721432829,6.0916179337231965e-05
safe,0.07388029457632157,6.0916179337231965e-05
creation,0.6119778566874664,6.0916179337231965e-05
app,-2.5824262324946825,6.0916179337231965e-05
sntp,7.706765799971454,6.0916179337231965e-05
desper,8.805378088639564,6.0916179337231965e-05
experience,-1.1439906391527521,6.0916179337231965e-05
academic,2.0380349633741726,6.0916179337231965e-05
tory,4.955230486929506,6.0916179337231965e-05
behind,-0.8370693223912039,6.0916179337231965e-05
honest,0.396438482663581,6.0916179337231965e-05
technique,-0.18144366169232548,6.0916179337231965e-05
future,-1.116685849469499,6.0916179337231965e-05
recap,0.8769720624590295,6.0916179337231965e-05
individual,-0.47514111795786484,6.0916179337231965e-05
goen,6.859467939584251,6.0916179337231965e-05
christmas,4.449768767283389,0.0010355750487329434
god,0.5715562740880233,0.00012183235867446393
tree,2.0205440231699345,0.0024366471734892786
surprise,1.3962416447194363,6.0916179337231965e-05
structors,7.195940176205464,6.0916179337231965e-05
formal,2.377919228388595,0.00012183235867446393
hcll,8.805378088639564,6.0916179337231965e-05
java,-1.5216436714656056,6.0916179337231965e-05
recite,5.19446017599534,6.0916179337231965e-05
asira,8.805378088639564,6.0916179337231965e-05
soda,3.425480735099105,6.0916179337231965e-05
organize,1.3290189641720822,0.00012183235867446393
quickly,-1.467360002537076,6.0916179337231965e-05
lie,1.0513254496038071,6.0916179337231965e-05
alphabetically,2.9445918651736984,6.0916179337231965e-05
upside,2.6685153388422256,0.00012183235867446393
iicle,8.805378088639564,6.0916179337231965e-05
root,-0.10664200713771131,0.00030458089668615983
subdirectory,3.780558159551352,0.0001827485380116959
document,-1.3204126622130807,6.0916179337231965e-05
picture,-0.6233746602749266,6.0916179337231965e-05
calendar,1.2406210757338354,6.0916179337231965e-05
cooky,1.3570442277420889,6.0916179337231965e-05
subfolders,3.389277686435144,6.0916179337231965e-05
consists,1.6222663868962834,6.0916179337231965e-05
noe,4.043204153841808,6.0916179337231965e-05
organized,0.7254503178812891,6.0916179337231965e-05
hicle,8.805378088639564,6.0916179337231965e-05
hickle,8.805378088639564,6.0916179337231965e-05
anyway,-0.925124188079596,6.0916179337231965e-05
star,-0.4836440653708133,0.00012183235867446393
descendant,2.69835520089731,6.0916179337231965e-05
child,-0.18742797078691925,0.00024366471734892786
ornament,7.706765799971454,0.00030458089668615983
sibling,1.4625988993077184,6.0916179337231965e-05
gical,8.805378088639564,6.0916179337231965e-05
ancestor,3.961191002180973,0.00024366471734892786
immediate,1.9584349490541848,6.0916179337231965e-05
parent,0.3281899178653328,0.0003654970760233918
decoration,1.5997429122292004,0.00012183235867446393
youngest,3.6520864941417854,6.0916179337231965e-05
generation,0.49275206296460133,6.0916179337231965e-05
analogic,6.608153511303345,6.0916179337231965e-05
emphasize,1.6162103502192418,6.0916179337231965e-05
honestly,0.44063702041500374,0.00012183235867446393
analogy,2.0265931909543875,6.0916179337231965e-05
invisible,1.2510432649138168,6.0916179337231965e-05
hold,-1.3879018081577028,6.0916179337231965e-05
support,-1.0345837630166854,6.0916179337231965e-05
graph,-1.121777161196748,6.0916179337231965e-05
hierarchical,2.572930072089042,6.0916179337231965e-05
sp,1.8086966004630258,6.0916179337231965e-05
hierarchy,0.78018876674873,6.0916179337231965e-05
searching,0.33968874009044253,6.0916179337231965e-05
relatively,0.8988308562715286,6.0916179337231965e-05
harry,1.5364579604458428,6.0916179337231965e-05
potter,2.48640997489313,6.0916179337231965e-05
outter,6.859467939584251,6.0916179337231965e-05
surname,1.774520612523444,6.0916179337231965e-05
z,-0.9317596766123077,6.0916179337231965e-05
bookcase,5.371390884154418,6.0916179337231965e-05
out,2.9618336716082045,6.0916179337231965e-05
outer,0.30981719735044094,6.0916179337231965e-05
trace,0.8633712801497075,6.0916179337231965e-05
efficient,0.21809928965663922,6.0916179337231965e-05
compression,2.191993870260005,6.0916179337231965e-05
jpex,7.706765799971454,6.0916179337231965e-05
mp,1.2679480520530557,6.0916179337231965e-05
involved,0.46755082619164906,6.0916179337231965e-05
spend,0.32265212610557426,0.00012183235867446393
recording,0.11473591893297065,6.0916179337231965e-05
hercal,8.805378088639564,6.0916179337231965e-05
roote,5.669883872710415,6.0916179337231965e-05
briefly,0.9355941861094185,6.0916179337231965e-05
theoretical,2.077946363788709,6.0916179337231965e-05
elegant,2.3530137265353175,0.00012183235867446393
bro,-0.05355913332698461,6.0916179337231965e-05
covered,-0.3826144196727108,6.0916179337231965e-05
wonderful,0.4179747268043278,0.00012183235867446393
celebrate,2.311624248787878,6.0916179337231965e-05
merry,4.2945185821227145,6.0916179337231965e-05
